id,title,publication_date,source_name,source_url,article_text,label
1,"Pemerintah Optimis Ekonomi Indonesia Tumbuh 5,3 Persen pada 2023",2023-04-06,Kompas.com,https://www.kompas.com/tag/pertumbuhan-ekonomi-2023,"Kepala Staf Kepresidenan Moeldoko menyatakan bahwa pemerintah optimistis pertumbuhan ekonomi Indonesia pada tahun 2023 dapat mencapai target 5,3 persen. Optimisme ini didasarkan pada fundamental ekonomi domestik yang kuat, termasuk peningkatan konsumsi rumah tangga dan investasi. Meskipun kondisi ekonomi global diprediksi mengalami perlambatan, Moeldoko meyakini bahwa berbagai stimulus kebijakan yang telah disiapkan pemerintah akan mampu menjaga momentum pemulihan ekonomi nasional. Selain itu, penyelenggaraan Pemilu 2024 juga diharapkan dapat memberikan dorongan tambahan pada perputaran ekonomi di daerah.",faktual
2," Hasil Persidangan Terbukti Ijazah Jokowi Palsu",2024-01-31,TurnBackHoax.id,https://turnbackhoax.id/2024/01/31/salah-hasil-persidangan-terbukti-ijazah-jokowi-palsu/,"*HASIL PERSIDANGAN TERBUKTI IJAZAH JOKOWI PALSU* Alhamdulillaah,, Allaahu Akbar.. Berkat perjuangan mereka terbuktilah ijazah Jokowi Palsu. Dampak dari hasil Persidangan ini bahwa Jabatan Jokowi Sbg Presiden adalah ILEGAL & semua kepres2 yg di keluarkan juga tdk sah",hoaks
3,"Pemerintah Perpanjang Bantuan Sosial Tunai (BST) Rp 300.000 hingga Juni 2021",2021-05-18,Kompas.com,https://money.kompas.com/read/2021/05/18/183000126/kabar-gembira-bansos-tunai-rp-300.000-diperpanjang-hingga-juni-2021,"Pemerintah melalui Kementerian Sosial (Kemensos) memutuskan untuk memperpanjang penyaluran Bantuan Sosial Tunai (BST) sebesar Rp 300.000 per bulan hingga Juni 2021. Kebijakan ini diambil untuk membantu meringankan beban ekonomi masyarakat yang terdampak pandemi COVID-19. Staf Ahli Menteri Keuangan, Kunta Wibawa Dasa Nugraha, mengonfirmasi bahwa program ini akan menyasar 10 juta Keluarga Penerima Manfaat (KPM) di seluruh Indonesia. Perpanjangan ini merupakan bagian dari program Pemulihan Ekonomi Nasional (PEN) dan diharapkan dapat menjaga daya beli masyarakat di tengah pembatasan kegiatan ekonomi.",faktual
4,"[PENIPUAN] Tautan Bantuan Kuota Internet dari Kemendikbud",2024-11-30,TurnBackHoax.id,https://turnbackhoax.id/2024/11/30/penipuan-tautan-bantuan-kuota-internet-dari-kemendikbud-kementerian-pendidikan-dasar-dan-menengah/,"Pemerintah Kembali Menyalurkan Bantuan Kuota Internet KEMENDIKBUD Bagi Siswa(i), Mahasiswa, Guru, Dan Dosen Guna Mendukung Pembelajaran Jarak Jauh (PJJ) Atau Belajar Online. Bantuan Tersebut Akan Mulai Diberikan Pada 10 November Hingga Akhir Desember 2024 Mendatang. Bantuan Kuota Internet KEMENDIKBUD Ini Rencananya Akan Diberikan Kepada 45,7 Juta Siswa(i), Mahasiswa, Guru Dan Dosen. Anggarannya Rp 5,7 Triliun. Berikut Cara Klaim Bantuan Kuota Internet KEMENDIKBUD:",hoaks
5,"UU IKN Disahkan, Jakarta Resmi Kehilangan Status Ibu Kota pada Februari 2024",2024-03-08,CNN Indonesia,https://www.cnnindonesia.com/nasional/20240308140732-32-1072125/apakah-jakarta-masih-berstatus-ibu-kota-usai-uu-ikn-berlaku,"Dengan disahkannya Undang-Undang Nomor 3 Tahun 2022 tentang Ibu Kota Negara (UU IKN) pada 15 Februari 2022, status Jakarta sebagai ibu kota negara secara resmi berakhir dua tahun setelah pengundangan, yaitu pada 15 Februari 2024. Implikasi hukum ini menegaskan transisi ibu kota ke Nusantara di Kalimantan Timur. Meskipun demikian, proses pemindahan fasilitas pemerintahan dan aparatur sipil negara akan dilakukan secara bertahap. Pemerintah saat ini tengah menyusun Rancangan Undang-Undang Daerah Khusus Jakarta (RUU DKJ) untuk mengatur status dan kekhususan Jakarta pasca tidak lagi menjadi ibu kota.",faktual
6," Puluhan Menteri Kabinet Jokowi Mundur, Ikuti Langkah Sri Mulyani",2024-01-31,TurnBackHoax.id,https://turnbackhoax.id/2024/01/31/salah-puluhan-menteri-kabinet-jokowi-mundur-ikuti-langkah-sri-mulyani/,"Beredar narasi di media sosial yang mengklaim bahwa puluhan menteri di Kabinet Indonesia Maju telah mengundurkan diri, mengikuti jejak Menteri Keuangan Sri Mulyani. Narasi ini disertai dengan video kompilasi foto-foto para menteri. Faktanya, klaim tersebut tidak benar. Menteri Keuangan Sri Mulyani telah membantah isu pengunduran dirinya dan hingga saat ini tidak ada pengumuman resmi mengenai pengunduran diri massal menteri kabinet.",hoaks
7,"Vaksinasi COVID-19 Jangkau 80 Persen Penduduk Indonesia pada Desember 2021",2021-09-29,Liputan6.com,https://www.liputan6.com/bisnis/read/4670899/vaksinasi-covid-19-jangkau-80-persen-penduduk-indonesia-pada-desember-2021,"Pemerintah menargetkan penyaluran 337 juta dosis vaksin COVID-19 hingga Desember 2021, yang setara dengan 80 persen populasi sasaran telah menerima vaksinasi. Menteri Koordinator Bidang Perekonomian, Airlangga Hartarto, menyatakan bahwa percepatan vaksinasi adalah kunci utama (game changer) untuk pemulihan ekonomi nasional. Peta jalan vaksinasi yang disusun pemerintah menargetkan penyuntikan hingga 2,5 juta dosis per hari pada bulan September dan Oktober untuk mencapai target tersebut. Dengan suplai vaksin dari berbagai produsen yang telah diamankan, pemerintah optimistis target kekebalan komunal dapat tercapai pada akhir tahun.",faktual
8," Paramex, Promag, dan Vaksin Covid-19 Mengandung Minyak Babi",2024-11-29,TurnBackHoax.id,https://turnbackhoax.id/2024/11/29/salah-paramex-promag-dan-vaksin-covid-19-mengandung-minyak-babi/,"Inilah 3 obat-obatan yang mengandung minyak babi. Yang pertama adalah paramex, ternyata di dalam obat ini mengandung minyak babi dan juga zat-zat yang sangat berbahaya. Yang ke-2 adalah promag, perlu diketahui guys ternyata obat yang satu ini juga mengandung minyak babi di dalamnya, jika obat ini terlalu sering dikonsumsi, maka bisa menyebabkan kematian. Yang ke-3 atau yang terakhir adalah vaksin covid 19, ternyata di dalam vaksin ini mengandung minyak babi di dalamnya apabila cairan vaksin ini masuk ke dalam tubuh kita maka itu sangat berbahaya karena bisa menyebabkan organ dalam tubuh kita menjadi rusak.",hoaks
9,"Pemerintah Resmi Naikkan Harga BBM Subsidi per 3 September 2022",2022-09-03,Detik.com,https://conference.upnvj.ac.id/index.php/senamika/article/view/2562,"Pemerintah secara resmi mengumumkan kenaikan harga Bahan Bakar Minyak (BBM) bersubsidi jenis Pertalite dan Solar, serta BBM non-subsidi jenis Pertamax, yang berlaku efektif mulai 3 September 2022 pukul 14.30 WIB. Harga Pertalite naik dari Rp 7.650 menjadi Rp 10.000 per liter. Harga Solar subsidi naik dari Rp 5.150 menjadi Rp 6.800 per liter. Sementara itu, harga Pertamax non-subsidi juga disesuaikan naik dari Rp 12.500 menjadi Rp 14.500 per liter. Keputusan ini diambil pemerintah sebagai langkah untuk menekan beban subsidi energi di Anggaran Pendapatan dan Belanja Negara (APBN) yang terus membengkak akibat kenaikan harga minyak dunia.",faktual
10," Gaji UMR Dipotong PPN 12%",2024-11-30,TurnBackHoax.id,https://turnbackhoax.id/2024/11/30/salah-gaji-umr-dipotong-ppn-12/,"GAJI UMR DIPOTONG PPN 12%, BURUH SELURUH INDONESIA ANCAM MOGOK KERJA. Beredar sebuah poster digital yang mengklaim bahwa pemerintah akan memberlakukan pemotongan Pajak Pertambahan Nilai (PPN) sebesar 12% terhadap gaji Upah Minimum Regional (UMR). Klaim ini menyebabkan keresahan di kalangan pekerja. Faktanya, gaji atau upah bukanlah objek PPN. Penghasilan dari gaji dikenakan Pajak Penghasilan (PPh) Pasal 21, bukan PPN. Informasi tersebut adalah keliru dan menyesatkan.",hoaks
11,"Progres Pembangunan IKN Tahap I Tembus 97 Persen Jelang Kepindahan ASN",2025-02-07,Detik.com,https://www.detik.com/properti/berita/d-7767034/anggaran-untuk-2025-diblokir-sampai-mana-progres-ikn,"Progres pembangunan Ibu Kota Nusantara (IKN) tahap pertama telah mencapai 97 persen, terutama untuk infrastruktur dasar dan fasilitas pendukung kepindahan Aparatur Sipil Negara (ASN). Pembangunan yang hampir rampung mencakup hunian ASN-Hankam, Istana Presiden, dan beberapa kantor kementerian koordinator. Meskipun progres tahap pertama berjalan sesuai target, realisasi anggaran untuk pembangunan baru pada tahun 2025 masih menghadapi kendala karena adanya pemblokiran anggaran oleh Kementerian Keuangan. Pemerintah menyatakan bahwa pemblokiran ini bersifat sementara dan akan dibuka secara bertahap sesuai dengan prioritas pembangunan.",faktual
12," Shell Mau Tutup Seluruh SPBU-nya di Indonesia",2024-11-29,TurnBackHoax.id,https://turnbackhoax.id/2024/11/29/salah-shell-mau-tup-seluruh-spbu-nya-di-indonesia/,"Bye bye shellüëã Jasa mu akan kami kenang. Beredar informasi di media sosial yang mengklaim bahwa perusahaan energi Shell akan menutup seluruh Stasiun Pengisian Bahan Bakar Umum (SPBU) miliknya di Indonesia. Informasi ini disertai dengan gambar SPBU Shell yang tampak sepi. Pihak Shell Indonesia telah memberikan klarifikasi resmi dan menyatakan bahwa informasi tersebut tidak benar. Shell tetap berkomitmen untuk beroperasi dan melayani pelanggan di Indonesia.",hoaks
13,"Timnas Futsal Ditarget Emas di SEA Games 2025",2025-08-11,Media Indonesia,https://mediaindonesia.com/olahraga/800624/pb-pasi-akan-kirim-atlet-ke-jepang-dan-kenya-untuk-persiapan-sea-games,"Tim nasional futsal Indonesia ditargetkan untuk meraih medali emas pada ajang SEA Games 2025 yang akan diselenggarakan di Thailand. Target ambisius ini ditetapkan mengingat performa timnas yang terus menunjukkan tren positif dalam beberapa tahun terakhir. Untuk mencapai target tersebut, Federasi Futsal Indonesia (FFI) akan mempersiapkan program pemusatan latihan jangka panjang dan serangkaian uji coba internasional. Thailand dan Vietnam diprediksi akan menjadi lawan terberat Indonesia dalam perebutan medali emas.",faktual
14," Indonesia Masuk ke Grup C di Piala Dunia 2026",2024-11-29,TurnBackHoax.id,https://turnbackhoax.id/2024/11/29/salah-indonesia-masuk-ke-grup-c-di-piala-dunia-2026/,"INDONESIA MASUK GROUP NERAKA DI PIALA DUNIA 2026 siapapun lawannya sikat. Sebuah video di TikTok mengklaim bahwa tim nasional sepak bola Indonesia berhasil lolos ke Piala Dunia 2026 dan masuk ke dalam Grup C bersama dengan Argentina, Prancis, dan Portugal. Faktanya, proses kualifikasi Piala Dunia 2026 untuk zona Asia masih berlangsung dan Indonesia belum memastikan kelolosannya. Pengundian grup putaran final Piala Dunia 2026 juga belum dilakukan. Informasi dalam video tersebut adalah fabrikasi.",hoaks
15,"Gerhana Matahari Hibrida Terjadi 20 April 2023, Bisa Diamati di Seluruh Indonesia",2023-04-19,Liputan6.com,https://www.liputan6.com/regional/read/5265936/gerhana-matahari-hibrida-kamis-20-april-2023-lokasi-dan-jadwal-lengkap-di-seluruh-indonesia,"Fenomena alam langka Gerhana Matahari Hibrida akan terjadi pada Kamis, 20 April 2023, dan dapat diamati dari seluruh wilayah Indonesia. Gerhana Matahari Hibrida merupakan peristiwa di mana Gerhana Matahari Total dan Gerhana Matahari Cincin terjadi dalam satu fenomena gerhana. Beberapa wilayah di Indonesia bagian timur, seperti Biak dan Pulau Kisar, akan mengalami fase Gerhana Matahari Total, sementara sebagian besar wilayah lainnya akan mengamati Gerhana Matahari Sebagian. Badan Riset dan Inovasi Nasional (BRIN) mengimbau masyarakat untuk tidak melihat matahari secara langsung tanpa menggunakan filter khusus untuk melindungi mata.",faktual
16,"[PENIPUAN] Erick Thohir dan Dokter Zaidul Akbar Promosi Obat Prostatitis",2024-11-30,TurnBackHoax.id,https://turnbackhoax.id/2024/11/30/penipuan-erick-thohir-dan-dokter-zaidul-akbar-promosi-obat-prostatitis/,"Berita mengejutkan bulan November tahun ini Indonesia tidak akan lagi mengalami masalah prostatitis, ahli urologi zaidul akbar telah menemukan resep rahasia dari seorang tabib Mesir kuno yang mengobati prostaties firaun. Resep ini begitu unik dan sederhana sehingga setiap pria bisa menyiapkannya di rumah. Video yang beredar menggunakan suara yang direkayasa dengan AI untuk meniru suara Erick Thohir dan dr. Zaidul Akbar yang mempromosikan obat tersebut. Ini adalah modus penipuan.",hoaks
17,"Proyek Kereta Cepat Jakarta-Bandung Sumbang Penerimaan Negara Rp 5,34 Triliun",2022-02-11,Tempo.co,https://akuprim.com/id/kcic-proyek-kereta-cepat-jakarta-bandung-sumbang-penerimaan-negara-rp-534-t/,"PT Kereta Cepat Indonesia China (KCIC) menyatakan bahwa proyek Kereta Cepat Jakarta-Bandung telah memberikan kontribusi signifikan terhadap penerimaan negara. Hingga akhir 2021, total kontribusi dari proyek strategis nasional ini mencapai Rp 5,34 triliun yang berasal dari berbagai jenis pajak, termasuk PPN, PPh, serta Pajak Bumi dan Bangunan (PBB). Kontribusi ini menunjukkan bahwa selain manfaat konektivitas dan ekonomi jangka panjang, proyek ini juga memberikan dampak fiskal positif selama masa konstruksi.",faktual
18," Video Jokowi Memerintahkan Untuk Stop Bantuan ke Rohingnya dan Segera Usir Mereka",2024-01-31,TurnBackHoax.id,https://turnbackhoax.id/2024/01/31/salah-video-jokowi-memerintahkan-untuk-stop-bantuan-ke-rohingnya-dan-segera-usir-mereka/,"Sebuah video dengan klaim bahwa Presiden Jokowi memerintahkan penghentian bantuan untuk pengungsi Rohingya dan mengusir mereka dari Indonesia beredar di media sosial. Video tersebut menggabungkan potongan-potongan pidato Presiden yang tidak terkait. Faktanya, tidak ada pernyataan resmi dari Presiden Jokowi atau pemerintah Indonesia yang memerintahkan pengusiran pengungsi Rohingya. Pemerintah Indonesia masih berpegang pada prinsip-prinsip kemanusiaan internasional dalam menangani isu pengungsi.",hoaks
19,"Kebijakan Merdeka Belajar Akan Terus Berlanjut Meski Ganti Kepemimpinan",2023-11-25,Detik.com,https://news.detik.com/berita/d-7056099/nadiem-yakin-gerakan-merdeka-belajar-terus-lanjut-meski-ganti-pemimpin,"Menteri Pendidikan, Kebudayaan, Riset, dan Teknologi (Mendikbudristek) Nadiem Makarim menyatakan keyakinannya bahwa gerakan Merdeka Belajar akan terus berlanjut meskipun terjadi pergantian kepemimpinan nasional. Menurutnya, program ini bukan lagi sekadar kebijakan, melainkan sudah menjadi gerakan yang diadopsi oleh para guru, kepala sekolah, dan ekosistem pendidikan di seluruh Indonesia. Dengan lebih dari 80% sekolah telah menerapkan Kurikulum Merdeka, Nadiem optimistis bahwa para pendidik tidak akan ingin kembali ke sistem sebelumnya dan akan terus bergerak mewujudkan transformasi pendidikan.",faktual
20," Ant√≥nio Guterres Komentari Tentang Pertahanan Negara Indonesia Lewat X",2024-01-31,TurnBackHoax.id,https://turnbackhoax.id/2024/01/31/salah-antonio-guterres-komentari-tentang-pertahanan-negara-indonesia-lewat-x/,"Langsung di Colek Sama Ketua PBB ni bos.. Secrets about intelligence within the country are not polite to share,...[source](https://cekhoax.id/cek-fakta/salah-antonio-guterres-komentari-tentang-pertahanan-negara-indonesia-lewat-x) Indonesia). Tangkapan layar unggahan X (Twitter) yang diklaim berasal dari akun Sekretaris Jenderal PBB Ant√≥nio Guterres adalah hasil manipulasi. Tidak ditemukan unggahan tersebut di akun resmi Ant√≥nio Guterres.",hoaks
21,"IMF Naikkan Proyeksi Pertumbuhan Ekonomi Indonesia 2023 Jadi 5 Persen",2023-03-26,Kompas.com,https://www.kompas.com/tag/ekonomi-indonesia-2023,"Dana Moneter Internasional (IMF) merevisi naik proyeksi pertumbuhan ekonomi Indonesia untuk tahun 2023 menjadi 5 persen, dari sebelumnya 4,8 persen. Kenaikan proyeksi ini didorong oleh kuatnya permintaan domestik dan pemulihan sektor pariwisata yang lebih cepat dari perkiraan. IMF menilai bahwa fundamental ekonomi Indonesia tetap solid di tengah tantangan perlambatan ekonomi global. Namun, IMF juga mengingatkan adanya risiko-risiko eksternal seperti ketegangan geopolitik dan pengetatan kebijakan moneter global yang perlu diwaspadai.",faktual
22," Perusahaan Asuransi ‚ÄúPrudential‚Äù Bangkrut",2024-11-30,TurnBackHoax.id,https://turnbackhoax.id/2024/11/30/salah-perusahaan-asuransi-prudential-bangkrut/,"Prudential BANGKRUT. Sebuah unggahan di media sosial mengklaim bahwa perusahaan asuransi Prudential telah bangkrut. Klaim ini tidak berdasar. Perusahaan masih aktif beroperasi dan menjalankan berbagai kegiatan bisnis, termasuk menggelar acara PRUActive Family 2024. Tidak ada pengumuman resmi dari Otoritas Jasa Keuangan (OJK) atau pihak perusahaan mengenai kebangkrutan.",hoaks
23,"Lebih dari 50 Juta Masyarakat Indonesia Telah Menerima Vaksinasi Dosis Pertama per 8 Agustus 2021",2021-08-08,Liputan6.com,https://www.liputan6.com/health/read/4627108/lebih-dari-50-juta-masyarakat-ri-sudah-vaksinasi-dosis-pertama-per-8-agustus-2021,"Menteri Komunikasi dan Informatika, Johnny G. Plate, mengumumkan bahwa per 8 Agustus 2021, lebih dari 50 juta penduduk Indonesia telah menerima setidaknya satu dosis vaksin COVID-19. Angka ini setara dengan sekitar 24 persen dari total target sasaran vaksinasi nasional. Dari jumlah tersebut, 23,7 juta orang atau 11,4 persen telah menerima vaksinasi dosis lengkap. Pemerintah mengapresiasi partisipasi masyarakat dan terus mendorong percepatan vaksinasi, terutama untuk kelompok lansia, guna mencapai kekebalan komunal.",faktual
24," Presiden Prabowo Mau Liburkan Sekolah Satu Bulan saat Puasa",2024-11-30,TurnBackHoax.id,https://turnbackhoax.id/2024/11/30/salah-presiden-prabowo-mau-liburkan-sekolah-satu-bulan-saat-puasa/,"Beredar tangkapan layar berita yang mengklaim bahwa Presiden Prabowo Subianto akan memberlakukan kebijakan libur sekolah selama satu bulan penuh selama bulan puasa. Faktanya, tidak ada pengumuman resmi dari pemerintah atau Kementerian Pendidikan mengenai kebijakan tersebut. Kalender akademik tetap berjalan sesuai dengan peraturan yang berlaku di masing-masing daerah.",hoaks
25,"Otorita IKN Lelang 24 Proyek Senilai Rp 18,47 Triliun, Termasuk Gedung DPR hingga MA",2025-08-13,Detik.com,https://www.detik.com/tag/ikn,"Otorita Ibu Kota Nusantara (OIKN) membuka lelang untuk 24 proyek pembangunan infrastruktur baru dengan total nilai mencapai Rp 18,47 triliun. Proyek-proyek ini merupakan bagian dari pembangunan tahap kedua IKN. Beberapa proyek strategis yang dilelang antara lain pembangunan kompleks gedung Dewan Perwakilan Rakyat (DPR), Mahkamah Agung (MA), serta sejumlah fasilitas pendukung lainnya. Proses lelang ini terbuka bagi para investor dan kontraktor dalam negeri maupun luar negeri sebagai bagian dari upaya percepatan pembangunan IKN.",faktual
26," Elon Musk Mau Alihkan Tesla Jadi Mobil Berbahan Bakar Air",2024-11-30,TurnBackHoax.id,https://turnbackhoax.id/2024/11/30/salah-elon-musk-mau-alihkan-tesla-jadi-mobil-berbahan-bakar-air/,"Elon Musk: ‚ÄòMesin Air Tesla Akan Menghancurkan Seluruh Industri Mobil'. Elon Musk baru-baru ini membuat pengumuman besar di platform X yang menyatakan bahwa Tesla kini beralih dari teknologi baterai menuju teknologi hidrogen dengan 'Mesin Air' yang baru. Ini adalah informasi palsu. Elon Musk dan Tesla tetap fokus pada pengembangan teknologi kendaraan listrik berbasis baterai dan tidak pernah mengumumkan peralihan ke mobil berbahan bakar air.",hoaks
27,"Atlet Indonesia Jalani Latihan Intensif untuk SEA Games 2025 di Thailand",2025-07-04,Antara News,https://en.antaranews.com/news/363853/athletes-in-intensive-training-for-sea-games-minister,"Menteri Pemuda dan Olahraga, Dito Ariotedjo, menyatakan bahwa para atlet nasional Indonesia saat ini sedang menjalani pemusatan latihan intensif hingga Agustus 2025 sebagai persiapan menghadapi SEA Games ke-33 di Thailand. SEA Games 2025 dijadwalkan berlangsung dari 9 hingga 20 Desember. Kemenpora bersama tim ahli sedang melakukan proses peninjauan untuk menentukan jumlah atlet yang akan diberangkatkan, dengan memprioritaskan cabang olahraga yang berpotensi meraih medali.",faktual
28,"[PENIPUAN] Tautan Pendaftaran Undian Umroh Gratis dari Gajah Duduk",2024-11-30,TurnBackHoax.id,https://turnbackhoax.id/2024/11/30/penipuan-tautan-pendaftaran-undian-umroh-gratis-dari-gajah-duduk/,"Dalam rangka ulang tahun, Sarung Gajah Duduk mengadakan undian berhadiah umroh gratis. Daftar sekarang melalui tautan berikut:. Ini adalah modus penipuan. Tautan yang dibagikan bukanlah situs resmi dan bertujuan untuk mencuri data pribadi. Pihak Sarung Gajah Duduk tidak mengadakan program undian seperti yang disebutkan.",hoaks
29,"Kinerja Ekonomi Indonesia Triwulan Pertama 2023 Ungguli China",2023-05-08,Kompas.com,https://www.kompas.com/tag/ekonomi-indonesia-2023,"Badan Pusat Statistik (BPS) mengumumkan pertumbuhan ekonomi Indonesia pada triwulan I-2023 mencapai 5,03 persen secara tahunan (year-on-year). Angka ini melampaui pertumbuhan ekonomi China pada periode yang sama yang tercatat sebesar 4,5 persen. Pertumbuhan yang solid ini ditopang oleh konsumsi domestik yang kuat, terutama selama periode Ramadan dan menjelang Idul Fitri, serta peningkatan kinerja ekspor. Capaian ini menempatkan Indonesia sebagai salah satu negara dengan kinerja ekonomi terbaik di antara negara-negara G20.",faktual
30," Video Serangan Yaman ke Armada Amerika di Laut Merah",2024-11-30,TurnBackHoax.id,https://turnbackhoax.id/2024/11/30/salah-video-serangan-yaman-ke-armada-amerika-di-laut-merah/,"Beredar sebuah video yang diklaim menunjukkan serangan rudal dari Yaman yang berhasil menghancurkan armada kapal perang Amerika Serikat di Laut Merah. Faktanya, video tersebut merupakan cuplikan dari video game simulasi militer 'Arma 3' dan bukan rekaman peristiwa nyata.",hoaks
31,"Malaysia Open 2024 Diharapkan Jadi Momentum Kebangkitan Bulutangkis Indonesia",2024-01-05,Kompasiana,https://www.kompasiana.com/agussis/6597df2cde948f6b7f125aa2/malaysia-open-2024-ajang-tepat-kebangkitan-bulutangkis-indonesia,"Turnamen bulutangkis Malaysia Open 2024, yang merupakan turnamen level Super 1000, diharapkan menjadi titik balik bagi prestasi atlet Indonesia. Setelah tahun 2023 yang dinilai kurang memuaskan, di mana Indonesia seringkali pulang tanpa gelar dari turnamen besar, ajang pembuka tahun 2024 ini menjadi krusial. PBSI menurunkan 14 wakil terbaiknya, termasuk tiga tunggal putra andalan. Selain gengsi, turnamen ini juga menawarkan poin kualifikasi yang signifikan menuju Olimpiade Paris 2024, sehingga para pemain diharapkan dapat menunjukkan performa maksimal.",faktual
32,"[PENIPUAN] Kantor Pelayanan Pajak (KPP) Buka Loker Pegawai",2024-11-30,TurnBackHoax.id,https://turnbackhoax.id/2024/11/30/penipuan-kantor-pelayanan-pajak-kpp-buka-loker-pegawai/,"Kantor Pelayanan Pajak (KPP) membuka lowongan kerja untuk beberapa posisi. Pendaftaran dilakukan melalui link Google Form. Faktanya, seluruh proses rekrutmen pegawai di lingkungan Direktorat Jenderal Pajak (DJP) dilakukan secara terpusat oleh Kementerian Keuangan dan diumumkan melalui situs resmi. Informasi loker yang beredar melalui media sosial atau tautan tidak resmi adalah penipuan.",hoaks
33,"Presiden Jokowi Puji Implementasi Kebijakan Merdeka Belajar Kampus Merdeka (MBKM)",2023-12-11,Kemendikbudristek,https://vokasi.kemendikdasmen.go.id/read/b/presiden-jokowi-puji-mendikbudristek-atas-dampak-konkret-implementasi-kebijakan-mbkm,"Presiden Joko Widodo memberikan apresiasi terhadap dampak konkret dari implementasi kebijakan Merdeka Belajar Kampus Merdeka (MBKM). Dalam sebuah acara, Presiden menyatakan bahwa program ini telah berhasil menjembatani kesenjangan antara dunia pendidikan tinggi dan dunia industri. Mahasiswa yang mengikuti program seperti magang dan studi independen bersertifikat dinilai memiliki kesiapan kerja yang lebih baik. Mendikbudristek Nadiem Makarim menyambut baik pujian tersebut dan berkomitmen untuk terus memperluas jangkauan dan kualitas program MBKM.",faktual
34," Memeriksa Kesehatan Jantung dengan Menekan Kaki",2024-11-29,TurnBackHoax.id,https://turnbackhoax.id/2024/11/29/salah-memeriksa-kesehatan-jantung-dengan-menekan-kaki/,"INFO SEHAT: CARA CEPAT CEK KESEHATAN JANTUNG MU! Tekan punggung kaki dengan jempol selama 15 detik. Jika bekas tekanan lama kembali, coba periksa ke dokter ya. Klaim ini keliru. Tes menekan kulit (pitting edema) digunakan untuk memeriksa penumpukan cairan, yang bisa disebabkan oleh berbagai kondisi, termasuk gagal jantung, tetapi juga bisa karena masalah ginjal, liver, atau vena. Tes ini bukanlah cara yang akurat untuk mendiagnosis kesehatan jantung secara umum dan tidak dapat menggantikan pemeriksaan medis oleh dokter.",hoaks
35,"Pemerintah Dukung Penuh Persiapan Tim Sepak Takraw Menuju SEA Games 2025",2025-06-27,Antara News,https://en.antaranews.com/news/362341/government-backs-sepak-takraw-teams-sea-games-preparation,"Menteri Pemuda dan Olahraga Dito Ariotedjo menegaskan dukungan penuh pemerintah untuk persiapan tim nasional sepak takraw Indonesia menghadapi SEA Games 2025 dan Asian Games 2026. Pernyataan ini disampaikan saat menutup Kejuaraan Nasional Seleksi Sepak Takraw di Jakarta. Para atlet terbaik yang terpilih dari ajang ini akan segera masuk ke dalam pemusatan latihan nasional (pelatnas) jangka panjang. Pemerintah berharap dengan persiapan yang matang sejak dini, cabang olahraga sepak takraw dapat menyumbangkan medali emas bagi Indonesia.",faktual
36," Hasto Terancam Dipenjara Akibat Bongkar Kebusukan Jokowi",2024-11-29,TurnBackHoax.id,https://turnbackhoax.id/2024/11/29/salah-hasto-terancam-dipenjara-akibat-bongkar-kebusukan-jokowi/,"PDIP MULAI DIHANCURKAN!! BONGKAR KEBUSUKAN JOKOWI SEKJEN PDIP TERANCAM DIPENJARA. Thumbnail video menampilkan gambar Kapolri seolah sedang berpidato di hadapan kader PDIP. Narasi dalam video tersebut merupakan konten yang menyesatkan. Video tersebut hanya berisi opini dan tidak menyajikan bukti bahwa Sekjen PDIP Hasto Kristiyanto terancam dipenjara karena pernyataannya. Gambar thumbnail juga merupakan hasil rekayasa.",hoaks
37,"Nyaris Rp 70 Triliun Mengalir dari China untuk Pembangunan IKN",2025-06-02,Detik.com,https://www.detik.com/tag/proyek-ikn,"Investasi dari China untuk proyek pembangunan Ibu Kota Nusantara (IKN) dilaporkan telah mencapai hampir Rp 70 triliun. Aliran dana ini dialokasikan untuk berbagai sektor, termasuk infrastruktur dasar, pengembangan energi terbarukan, dan teknologi kota pintar. Keterlibatan investor China ini merupakan bagian dari skema pendanaan IKN yang mengandalkan campuran antara APBN dan investasi swasta, baik domestik maupun internasional. Pemerintah terus mendorong masuknya investasi untuk memastikan target pembangunan IKN dapat tercapai sesuai jadwal.",faktual
38," Dokumentasi Jembatan Kaca di Bromo",2024-11-29,TurnBackHoax.id,https://turnbackhoax.id/2024/11/29/salah-dokumentasi-jembatan-kaca-di-bromo/,"Jembatan kaca bromo yang baru dibuka, udah kesana? Sebuah video yang menampilkan jembatan kaca spektakuler yang menghubungkan dua tebing tinggi diklaim sebagai jembatan kaca baru di kawasan wisata Bromo, Jawa Timur. Faktanya, video tersebut menunjukkan Jembatan Kaca Ruyi di Shenxianju, Provinsi Zhejiang, China, bukan di Bromo.",hoaks
39,"Menag Yaqut Ajak Ormas Islam Imbau Masyarakat Tidak Mudik saat Idul Adha 2021",2021-07-16,Tempo.co,https://repository.iainpare.ac.id/id/eprint/3613/1/17.3600.018.pdf,"Menteri Agama Yaqut Cholil Qoumas menggandeng organisasi masyarakat (ormas) Islam seperti Nahdlatul Ulama (NU), Muhammadiyah, dan Majelis Ulama Indonesia (MUI) untuk bersama-sama mengimbau masyarakat agar tidak melakukan perjalanan mudik selama periode Idul Adha 2021. Imbauan ini dikeluarkan seiring dengan penerapan PPKM Darurat untuk menekan lonjakan kasus COVID-19 varian Delta. Menag berharap, dengan adanya seruan dari para tokoh agama dan pimpinan ormas, masyarakat dapat lebih patuh untuk tetap berada di rumah demi mencegah penyebaran virus lebih lanjut.",faktual
40," Paramex, Promag, dan Vaksin Covid-19 Mengandung Minyak Babi",2024-11-29,TurnBackHoax.id,https://turnbackhoax.id/2024/11/29/salah-paramex-promag-dan-vaksin-covid-19-mengandung-minyak-babi/,"Sebuah video mengklaim bahwa obat Paramex, Promag, dan vaksin COVID-19 mengandung minyak babi. Klaim ini tidak benar. Badan Pengawas Obat dan Makanan (BPOM) dan Majelis Ulama Indonesia (MUI) telah memastikan bahwa produk-produk tersebut telah melalui proses sertifikasi dan tidak mengandung bahan yang diharamkan bagi umat Muslim. Informasi ini merupakan disinformasi yang bertujuan menimbulkan keresahan di masyarakat.",hoaks
41,"Plus Minus Politik Praktis Jokowi di Pilkada 2024",2024-08-10,CNN Indonesia,https://www.youtube.com/watch?v=P1mttr81l9U,"Pengaruh politik Presiden Joko Widodo (Jokowi) pasca-lengser dari jabatannya masih dianggap sangat signifikan dalam kontestasi politik nasional, termasuk dalam Pemilihan Kepala Daerah (Pilkada) serentak 2024. Beberapa pihak mendorong Jokowi untuk terlibat dalam politik praktis dengan memberikan dukungan (endorsement) kepada pasangan calon tertentu, dengan harapan dapat mendulang suara. Namun, keterlibatan ini juga menuai pro dan kontra. Pihak yang pro menganggapnya sebagai hal yang wajar dalam dinamika politik, sementara pihak yang kontra khawatir hal tersebut dapat mencederai netralitas dan menciptakan preseden yang kurang baik bagi mantan presiden.",faktual
42,"[PENIPUAN] Informasi Loker di Kementerian Sekretariat Negara",2024-11-28,TurnBackHoax.id,https://turnbackhoax.id/2024/11/28/penipuan-informasi-loker-di-kementerian-sekretariat-negara/,"Beredar informasi lowongan kerja di Kementerian Sekretariat Negara (Kemsetneg) untuk berbagai posisi seperti administrasi dan analis hukum yang disebarkan melalui akun media sosial tidak resmi. Informasi tersebut adalah penipuan. Kemsetneg telah memberikan klarifikasi bahwa semua informasi rekrutmen resmi hanya diumumkan melalui situs web dan akun media sosial resmi kementerian. Masyarakat diimbau untuk waspada terhadap modus penipuan berkedok lowongan kerja.",hoaks
43,"Lonjakan Kasus Covid-19, Pemerintah Terapkan Prokes Ketat di Sektor Usaha",2021-02-17,Berita Murung Raya,https://berita.murungrayakab.go.id/category/novel-corona-virus/page/12/,"Menyikapi lonjakan kasus COVID-19 yang signifikan, pemerintah daerah Murung Raya menginstruksikan seluruh perusahaan dan sektor usaha di wilayahnya untuk menerapkan protokol kesehatan (prokes) secara ketat. Wakil Bupati Murung Raya menekankan pentingnya disiplin dalam menjalankan prokes untuk mencegah terbentuknya klaster-klaster baru di lingkungan kerja. Satgas COVID-19 setempat juga telah memberikan teguran tertulis kepada perusahaan yang dinilai lalai dalam menerapkan protokol kesehatan.",faktual
44," Penyakit Liver Bisa Disembuhkan Pakai Seduhan Daun Sembung",2024-11-27,TurnBackHoax.id,https://turnbackhoax.id/2024/11/27/salah-penyakit-liver-bisa-disembuhkan-pakai-seduhan-daun-sembung/,"Ajaib daun ini dapat sembuhkan liver, radang usus, dan luka pada kulit begini caranya. Petik 8 daun sembung lalu cuci hingga bersih kemudian rebus selama 5 menit. Klaim bahwa seduhan daun sembung dapat menyembuhkan penyakit liver secara total adalah tidak benar dan berpotensi berbahaya. Meskipun beberapa penelitian herbal menunjukkan potensi anti-inflamasi dari daun sembung, belum ada bukti klinis yang kuat yang mendukungnya sebagai obat untuk penyakit liver. Pasien dengan kondisi liver harus berkonsultasi dengan dokter untuk mendapatkan penanganan medis yang tepat.",hoaks
45,"Gibran Blusukan Cek Proyek Istana Wapres dan Tol IKN",2025-05-29,Detik.com,https://www.detik.com/tag/proyek-ikn,"Wakil Presiden terpilih, Gibran Rakabuming Raka, melakukan kunjungan kerja ke Ibu Kota Nusantara (IKN) untuk meninjau langsung progres pembangunan sejumlah proyek strategis. Dalam kunjungannya, Gibran memantau pembangunan Istana Wakil Presiden, jalan tol akses IKN, dan beberapa infrastruktur pendukung lainnya. Gibran berpesan kepada para pelaksana proyek untuk menjaga kualitas dan memastikan pembangunan selesai tepat waktu sesuai dengan target yang telah ditetapkan.",faktual
46," Foto Tagihan Royalti Musik dan Lagu di Restoran",2025-08-14,TurnBackHoax.id,https://turnbackhoax.id/2025/08/14/salah-foto-tagihan-royalti-musik-dan-lagu-di-restoran/,"Nyomot dari tetangga, tiap kali ke resto kita dipaksa dengar lagu lalu bayar. Pemaksaan bayar royalti secara halus. Sebuah foto struk pembayaran restoran yang mencantumkan item 'Royalti Musik & Lagu' beredar di media sosial, menimbulkan persepsi bahwa pelanggan dibebani biaya royalti. Faktanya, foto tersebut adalah hasil suntingan. Restoran atau kafe memang wajib membayar royalti kepada Lembaga Manajemen Kolektif Nasional (LMKN) jika memutar lagu secara komersial, namun biaya tersebut merupakan beban operasional usaha dan tidak dibebankan langsung kepada pelanggan dalam struk pembayaran.",hoaks
47,"Indonesia Siap Gelar Kejuaraan Dunia Sambo Remaja dan Junior 2025",2025-08-06,Media Indonesia,https://mediaindonesia.com/olahraga/800624/pb-pasi-akan-kirim-atlet-ke-jepang-dan-kenya-untuk-persiapan-sea-games,"Pengurus Pusat Perkumpulan Sambo Indonesia (PP Persambi) menyatakan kesiapan Indonesia untuk menjadi tuan rumah Kejuaraan Dunia Sambo Remaja dan Junior pada tahun 2025. Kesiapan ini didukung oleh Federasi Sambo Internasional (FIAS), yang juga mengumumkan penambahan nomor pertandingan combat putri dalam kejuaraan tersebut. Penunjukan sebagai tuan rumah ini diharapkan dapat memacu pengembangan dan prestasi olahraga sambo di tanah air.",faktual
48," Pemberangkatan Pengungsi Palestina ke Indonesia",2025-08-14,TurnBackHoax.id,https://turnbackhoax.id/2025/08/14/salah-pemberangkatan-pengungsi-palestina-ke-indonesia/,"ACARA PELEPASAN PENGUNGSI PALESTINA MENUJU INDONESIA. Release of Palestinian Gaza visitors. Video yang menunjukkan sekelompok orang menaiki pesawat Iran Air diklaim sebagai momen pemberangkatan pengungsi Palestina ke Indonesia. Faktanya, video tersebut adalah rekaman lama dari tahun 2020 yang menunjukkan pemulangan warga Iran dari Swedia saat awal pandemi COVID-19. Tidak ada kaitannya dengan pengungsi Palestina atau Indonesia.",hoaks
49,"BI Ramal Pertumbuhan Ekonomi RI 5,5 Persen pada 2024",2022-12-06,Kompas.com,https://www.kompas.com/tag/pertumbuhan-ekonomi-2023,"Bank Indonesia (BI) memproyeksikan pertumbuhan ekonomi Indonesia akan lebih tinggi pada tahun 2024, mencapai kisaran 4,7 hingga 5,5 persen. Proyeksi optimis ini didasarkan pada ekspektasi peningkatan permintaan domestik yang didorong oleh belanja terkait pemilu, serta berlanjutnya hilirisasi sumber daya alam yang akan meningkatkan nilai tambah ekspor. BI akan terus menjaga stabilitas makroekonomi melalui bauran kebijakan moneter yang akomodatif untuk mendukung momentum pertumbuhan.",faktual
50,"[PENIPUAN] Perpanjang dan Pembuatan SIM Gratis pada 17 Agustus 2025",2025-08-14,TurnBackHoax.id,https://turnbackhoax.id/2025/08/14/penipuan-perpanjang-dan-pembuatan-sim-gratis-pada-17-agustus-2025/,"Memperingati HUT RI ke 80, untuk perpanjangan dan pembuatan SIM digratiskan sampai akhir bulan Agustus. Tunggu apalagi ayo segera daftar melalui tautan ini:. Informasi ini adalah penipuan. Kepolisian Republik Indonesia (Polri) tidak mengadakan program pembuatan atau perpanjangan SIM gratis secara nasional dalam rangka HUT RI. Tautan yang disebarkan adalah situs palsu yang bertujuan mencuri data pribadi.",hoaks
51,"Pemerintah Targetkan Pertumbuhan Ekonomi 2023 Bisa Dicapai, tapi Tidak Mudah",2023-11-07,Kompas.com,https://www.kompas.com/tag/pertumbuhan-ekonomi-2023,"Pemerintah tetap berupaya untuk mencapai target pertumbuhan ekonomi tahun 2023 yang ditetapkan sebesar 5,3 persen. Namun, sejumlah pejabat ekonomi mengakui bahwa pencapaian target tersebut tidak akan mudah mengingat tantangan perlambatan ekonomi global yang mulai berdampak pada kinerja ekspor nasional. Menteri Keuangan Sri Mulyani menyatakan bahwa pemerintah akan mengandalkan kekuatan konsumsi domestik dan percepatan belanja pemerintah untuk menjadi mesin pertumbuhan utama di sisa tahun berjalan.",faktual
52,"[PENIPUAN] Ada Bantuan Dana dari Saudi Arabia untuk Umat Islam",2025-08-13,TurnBackHoax.id,https://turnbackhoax.id/2025/08/13/penipuan-ada-bantuan-dana-dari-saudi-arabia-untuk-umat-islam/,"Assalamualaikum, saya direktur jendral bimbingan masyarakat islam menyampaikan bahwa bantuan (SFD) Saudi Fund for Development dari Saudi arabia melalui ditjen bimas islam kementrian agama, untuk di salurkan kepada umat islam. Segera daftar sekarang melalui whatsapp. Pesan berantai yang mengatasnamakan Dirjen Bimas Islam dan menjanjikan bantuan dana dari Arab Saudi adalah penipuan. Kementerian Agama telah mengklarifikasi bahwa tidak ada program bantuan semacam itu dan mengimbau masyarakat untuk tidak memberikan data pribadi kepada nomor yang tidak dikenal.",hoaks
53,"Angka Kematian COVID-19 di Indonesia Terus Meningkat pada Juli 2021",2021-07-31,Wikipedia,https://en.wikipedia.org/wiki/Timeline_of_the_COVID-19_pandemic_in_Indonesia_(2021),"Bulan Juli 2021 menjadi periode paling mematikan selama pandemi COVID-19 di Indonesia. Data menunjukkan lonjakan tajam angka kematian harian, yang beberapa kali melampaui 2.000 kasus per hari. Peningkatan ini disebabkan oleh penyebaran cepat varian Delta yang lebih menular dan mematikan, serta tekanan hebat pada fasilitas kesehatan yang mengalami kekurangan oksigen, tempat tidur, dan tenaga medis. Pemerintah merespons dengan memperketat kebijakan PPKM Darurat di Jawa dan Bali serta mempercepat program vaksinasi.",faktual
54," Rekaman Rudal Tomahawk AS Menghantam Situs Nuklir Iran",2025-08-13,TurnBackHoax.id,https://turnbackhoax.id/2025/08/13/salah-rekaman-rudal-tomahawk-as-menghantam-situs-nuklir-iran/,"Rekaman singkat saat Rudal Tomahawk Amerika Serikat menghantam situs Nuklir milik Iran. Dengan serangan singkat ini, Amerika Serikat menyatakan diri resmi terlibat Perang langsung dengan Iran. Video yang beredar adalah palsu. Klip tersebut diambil dari simulasi atau video game dan bukan merupakan rekaman serangan militer yang sebenarnya. Tidak ada konfirmasi resmi dari pemerintah AS atau Iran mengenai serangan tersebut.",hoaks
55,"Hengkangnya Jojo dan Chico dari Pelatnas Demi Peningkatan Prestasi",2024-05-15,Antara News,https://ramadhan.antaranews.com/video/4835649/pbsi-hengkangnya-jojo-dan-chico-dari-pelatnas-demi-tingkatan-prestasi,"Wakil Ketua Umum I PP PBSI, Taufik Hidayat, menjelaskan bahwa keputusan dua tunggal putra andalan, Jonatan Christie (Jojo) dan Chico Aura Dwi Wardoyo, untuk keluar dari Pelatnas Cipayung merupakan langkah strategis untuk peningkatan prestasi. Meskipun berstatus sebagai pemain profesional, keduanya tetap berada di bawah naungan PBSI dan akan terus dipanggil untuk memperkuat tim nasional dalam ajang-ajang beregu maupun individu yang penting. Langkah ini diharapkan memberikan fleksibilitas lebih bagi para atlet untuk mengatur program latihan dan turnamen mereka sendiri.",faktual
56," Video di Morowali Sejumlah TKA Cina Menghakimi Seorang Warga",2024-01-31,TurnBackHoax.id,https://turnbackhoax.id/2024/01/31/salah-video-di-morowali-sejumlah-tka-cina-menghakimi-seorang-warga/,"Dƒ∞ MOROWALI‚Ä¶ TKA asal CINA mulai berani menghakimi penduduk lokal hingga parah‚Ä¶ Video yang menunjukkan pengeroyokan seorang pria oleh sekelompok orang diklaim terjadi di Morowali, Sulawesi Tengah, dan melibatkan Tenaga Kerja Asing (TKA) asal China. Faktanya, peristiwa dalam video tersebut terjadi di Kamboja dan tidak ada kaitannya dengan TKA atau Indonesia. Narasi yang menyertainya adalah konten yang menyesatkan.",hoaks
57,"Program Praktisi Mengajar 2023 Libatkan Lebih Banyak Kolaborasi",2023-02-08,Detik.com,https://www.detik.com/edu/perguruan-tinggi/d-6557612/program-praktisi-mengajar-2023-beda-dengan-tahun-lalu-ini-kata-kemendikbud,"Kementerian Pendidikan, Kebudayaan, Riset, dan Teknologi (Kemendikbudristek) kembali membuka program Praktisi Mengajar angkatan kedua pada tahun 2023. Program yang merupakan bagian dari kebijakan Merdeka Belajar ini bertujuan untuk memperkaya pengalaman belajar mahasiswa dengan menghadirkan para profesional dari dunia industri ke dalam ruang kelas. Pada tahun 2023, program ini didesain untuk mendorong kolaborasi yang lebih erat antara dosen dan praktisi, sehingga terjadi transfer pengetahuan dan pengalaman yang lebih mendalam, tidak hanya bagi mahasiswa tetapi juga bagi para dosen.",faktual
58," Bandara Nusawiru Mengadakan Give Away Tebus Murah iPhone 14 Pro Max",2024-01-31,TurnBackHoax.id,https://turnbackhoax.id/2024/01/31/salah-bandara-nusawiru-mengadakan-give-away-tebus-murah-iphone-14-pro-max/,"HALO SOBAT @bandara_nusawiru.pangandaran, KAMI MENGADAKAN GIVE AWAY TEBUS MURAH NIH KHUSUS UNTUK 2 ORANG TERCEPAT NEW IPHONE 14 PROMAX 256 GB. Akun Instagram yang mengatasnamakan Bandara Nusawiru, Pangandaran, dan menawarkan program tebus murah iPhone adalah akun palsu. Dinas Perhubungan Jawa Barat telah mengklarifikasi bahwa akun resmi bandara telah diretas oleh pihak tidak bertanggung jawab. Ini adalah modus penipuan.",hoaks
59,"Pemerintah dan Banggar DPR Sepakati Pertumbuhan Ekonomi 5,3 Persen dalam RAPBN 2023",2022-09-12,Kompas.com,https://www.kompas.com/tag/pertumbuhan-ekonomi-2023,"Pemerintah dan Badan Anggaran (Banggar) Dewan Perwakilan Rakyat (DPR) menyepakati asumsi makro pertumbuhan ekonomi dalam Rancangan Anggaran Pendapatan dan Belanja Negara (RAPBN) 2023 sebesar 5,3 persen. Kesepakatan ini dicapai dengan mempertimbangkan potensi pemulihan ekonomi domestik yang terus berlanjut, namun juga mewaspadai risiko ketidakpastian ekonomi global. Angka ini akan menjadi dasar bagi pemerintah dalam menyusun alokasi anggaran untuk berbagai program pembangunan di tahun 2023.",faktual
60," Partai Buruh Deklarasikan Anies Baswedan",2024-01-31,TurnBackHoax.id,https://turnbackhoax.id/2024/01/31/salah-partai-buruh-deklarasikan-anies-baswedan/,"Efek besar dari Yenny Wahid! Kini partai buruh resmi deklarasikan Anies presiden 2024. Klaim bahwa Partai Buruh secara resmi mendeklarasikan dukungan kepada Anies Baswedan sebagai calon presiden 2024 adalah salah. Presiden Partai Buruh, Said Iqbal, telah menyatakan bahwa partainya belum menentukan arah dukungan dan masih akan membahasnya dalam rapat kerja nasional. Video yang beredar hanya berisi opini dan tidak mencerminkan keputusan resmi partai.",hoaks
61,"Total Kasus COVID-19 di Indonesia Mencapai 6,8 Juta dengan 162 Ribu Kematian",2023-01-01,Worldometers,https://www.worldometers.info/coronavirus/country/indonesia/,"Berdasarkan data kumulatif hingga akhir pandemi, Indonesia mencatat total 6.829.221 kasus terkonfirmasi COVID-19. Dari jumlah tersebut, sebanyak 162.063 orang meninggal dunia, sementara 6.647.104 orang dinyatakan telah pulih. Angka-angka ini menempatkan Indonesia sebagai salah satu negara dengan jumlah kasus dan kematian tertinggi di Asia Tenggara, yang merefleksikan besarnya tantangan yang dihadapi selama krisis kesehatan global tersebut.",faktual
62," Cuitan Taylor Swift di X Berterima kasih kepada Prabowo Subianto",2024-01-31,TurnBackHoax.id,https://turnbackhoax.id/2024/01/31/salah-cuitan-taylor-swift-di-x-berterima-kasih-kepada-prabowo-subianto/,"Thank you Mr Prabowo Subianto for helping me. I thank you very much, I hope you live a long time when I play in Indonesia. Tangkapan layar yang menunjukkan cuitan dari penyanyi Taylor Swift berterima kasih kepada Prabowo Subianto adalah hasil rekayasa digital. Tidak ada cuitan semacam itu di akun resmi Taylor Swift. Ini adalah konten palsu yang dibuat untuk tujuan politik.",hoaks
63,"Investor Arab Incar Lahan 10 Hektare di IKN untuk Proyek Properti",2025-05-16,Detik.com,https://www.detik.com/tag/proyek-ikn,"Sejumlah investor dari Uni Emirat Arab (UEA) menunjukkan minat serius untuk berinvestasi di Ibu Kota Nusantara (IKN) dengan mengincar lahan seluas 10 hektare. Lahan tersebut rencananya akan dikembangkan untuk proyek properti campuran, termasuk hotel, apartemen, dan pusat perbelanjaan. Minat ini menunjukkan kepercayaan investor internasional terhadap prospek IKN sebagai pusat ekonomi baru di Indonesia. Otorita IKN menyambut baik minat tersebut dan akan memfasilitasi proses investasi agar dapat segera terealisasi.",faktual
64," Luhut Binsar Deklarasikan Dukung Anies Baswedan",2024-01-31,TurnBackHoax.id,https://turnbackhoax.id/2024/01/31/salah-luhut-binsar-deklarasikan-dukung-anies-baswedan/,"Luhut langsung kicep! koar-koar bela gibran, Cak Imin bungkam Opung hingga begini. Video yang mengklaim Luhut Binsar Pandjaitan mendeklarasikan dukungan untuk Anies Baswedan adalah konten yang menyesatkan. Video tersebut merupakan potongan dari berbagai acara yang berbeda dan digabungkan dengan narasi yang tidak sesuai konteks. Luhut Binsar Pandjaitan tidak pernah secara resmi mendeklarasikan dukungan kepada Anies Baswedan.",hoaks
65,"SEA Games: Atlet Papua Sumbang 15 Medali untuk Indonesia",2023-05-18,Antara News,https://en.antaranews.com/tag/indonesia-sea-games,"Para atlet asal Papua menunjukkan prestasi gemilang dengan menyumbangkan total 15 medali bagi kontingen Indonesia pada ajang SEA Games 2023 di Kamboja. Medali-medali tersebut berasal dari berbagai cabang olahraga, yang menunjukkan potensi besar atlet-atlet dari Bumi Cenderawasih. Prestasi ini menjadi bukti keberhasilan pembinaan olahraga di daerah dan memberikan kebanggaan bagi masyarakat Papua serta seluruh bangsa Indonesia.",faktual
66," Jokowi dan Jan Ethes bagi bagi amplop Januari 2024",2024-01-31,TurnBackHoax.id,https://turnbackhoax.id/2024/01/31/salah-jokowi-dan-jan-ethes-bagi-bagi-amplop-januari-2024/,"Sebuah video yang menunjukkan Presiden Jokowi bersama cucunya, Jan Ethes, membagikan amplop kepada warga diklaim terjadi pada Januari 2024, berdekatan dengan masa kampanye Pemilu. Faktanya, video tersebut adalah rekaman lama dari momen Idul Fitri tahun 2019. Penyebaran video dengan konteks waktu yang salah ini bertujuan untuk menciptakan narasi negatif terkait netralitas presiden dalam pemilu.",hoaks
67,"Target Pertumbuhan Ekonomi 2023 Bisa Dicapai, tapi Tidak Mudah",2023-11-07,Kompas.com,https://www.kompas.com/tag/pertumbuhan-ekonomi-2023,"Pemerintah tetap berupaya untuk mencapai target pertumbuhan ekonomi tahun 2023 yang ditetapkan sebesar 5,3 persen. Namun, sejumlah pejabat ekonomi mengakui bahwa pencapaian target tersebut tidak akan mudah mengingat tantangan perlambatan ekonomi global yang mulai berdampak pada kinerja ekspor nasional. Menteri Keuangan Sri Mulyani menyatakan bahwa pemerintah akan mengandalkan kekuatan konsumsi domestik dan percepatan belanja pemerintah untuk menjadi mesin pertumbuhan utama di sisa tahun berjalan.",faktual
68," Gaji UMR Dipotong PPN 12%",2024-11-30,TurnBackHoax.id,https://turnbackhoax.id/2024/11/30/salah-gaji-umr-dipotong-ppn-12/,"GAJI UMR DIPOTONG PPN 12%, BURUH SELURUH INDONESIA ANCAM MOGOK KERJA. Beredar sebuah poster digital yang mengklaim bahwa pemerintah akan memberlakukan pemotongan Pajak Pertambahan Nilai (PPN) sebesar 12% terhadap gaji Upah Minimum Regional (UMR). Klaim ini menyebabkan keresahan di kalangan pekerja. Faktanya, gaji atau upah bukanlah objek PPN. Penghasilan dari gaji dikenakan Pajak Penghasilan (PPh) Pasal 21, bukan PPN. Informasi tersebut adalah keliru dan menyesatkan.",hoaks
69,"Pemerintah Optimis Ekonomi Indonesia Tumbuh 5,3 Persen pada 2023",2023-04-06,Kompas.com,https://www.kompas.com/tag/pertumbuhan-ekonomi-2023,"Kepala Staf Kepresidenan Moeldoko menyatakan bahwa pemerintah optimistis pertumbuhan ekonomi Indonesia pada tahun 2023 dapat mencapai target 5,3 persen. Optimisme ini didasarkan pada fundamental ekonomi domestik yang kuat, termasuk peningkatan konsumsi rumah tangga dan investasi. Meskipun kondisi ekonomi global diprediksi mengalami perlambatan, Moeldoko meyakini bahwa berbagai stimulus kebijakan yang telah disiapkan pemerintah akan mampu menjaga momentum pemulihan ekonomi nasional. Selain itu, penyelenggaraan Pemilu 2024 juga diharapkan dapat memberikan dorongan tambahan pada perputaran ekonomi di daerah.",faktual
70," Hasil Persidangan Terbukti Ijazah Jokowi Palsu",2024-01-31,TurnBackHoax.id,https://turnbackhoax.id/2024/01/31/salah-hasil-persidangan-terbukti-ijazah-jokowi-palsu/,"*HASIL PERSIDANGAN TERBUKTI IJAZAH JOKOWI PALSU* Alhamdulillaah,, Allaahu Akbar.. Berkat perjuangan mereka terbuktilah ijazah Jokowi Palsu. Dampak dari hasil Persidangan ini bahwa Jabatan Jokowi Sbg Presiden adalah ILEGAL & semua kepres2 yg di keluarkan juga tdk sah",hoaks
71,"Pemerintah Perpanjang Bantuan Sosial Tunai (BST) Rp 300.000 hingga Juni 2021",2021-05-18,Kompas.com,https://money.kompas.com/read/2021/05/18/183000126/kabar-gembira-bansos-tunai-rp-300.000-diperpanjang-hingga-juni-2021,"Pemerintah melalui Kementerian Sosial (Kemensos) memutuskan untuk memperpanjang penyaluran Bantuan Sosial Tunai (BST) sebesar Rp 300.000 per bulan hingga Juni 2021. Kebijakan ini diambil untuk membantu meringankan beban ekonomi masyarakat yang terdampak pandemi COVID-19. Staf Ahli Menteri Keuangan, Kunta Wibawa Dasa Nugraha, mengonfirmasi bahwa program ini akan menyasar 10 juta Keluarga Penerima Manfaat (KPM) di seluruh Indonesia. Perpanjangan ini merupakan bagian dari program Pemulihan Ekonomi Nasional (PEN) dan diharapkan dapat menjaga daya beli masyarakat di tengah pembatasan kegiatan ekonomi.",faktual
72,"[PENIPUAN] Tautan Bantuan Kuota Internet dari Kemendikbud",2024-11-30,TurnBackHoax.id,https://turnbackhoax.id/2024/11/30/penipuan-tautan-bantuan-kuota-internet-dari-kemendikbud-kementerian-pendidikan-dasar-dan-menengah/,"Pemerintah Kembali Menyalurkan Bantuan Kuota Internet KEMENDIKBUD Bagi Siswa(i), Mahasiswa, Guru, Dan Dosen Guna Mendukung Pembelajaran Jarak Jauh (PJJ) Atau Belajar Online. Bantuan Tersebut Akan Mulai Diberikan Pada 10 November Hingga Akhir Desember 2024 Mendatang. Bantuan Kuota Internet KEMENDIKBUD Ini Rencananya Akan Diberikan Kepada 45,7 Juta Siswa(i), Mahasiswa, Guru Dan Dosen. Anggarannya Rp 5,7 Triliun. Berikut Cara Klaim Bantuan Kuota Internet KEMENDIKBUD:",hoaks
73,"UU IKN Disahkan, Jakarta Resmi Kehilangan Status Ibu Kota pada Februari 2024",2024-03-08,CNN Indonesia,https://www.cnnindonesia.com/nasional/20240308140732-32-1072125/apakah-jakarta-masih-berstatus-ibu-kota-usai-uu-ikn-berlaku,"Dengan disahkannya Undang-Undang Nomor 3 Tahun 2022 tentang Ibu Kota Negara (UU IKN) pada 15 Februari 2022, status Jakarta sebagai ibu kota negara secara resmi berakhir dua tahun setelah pengundangan, yaitu pada 15 Februari 2024. Implikasi hukum ini menegaskan transisi ibu kota ke Nusantara di Kalimantan Timur. Meskipun demikian, proses pemindahan fasilitas pemerintahan dan aparatur sipil negara akan dilakukan secara bertahap. Pemerintah saat ini tengah menyusun Rancangan Undang-Undang Daerah Khusus Jakarta (RUU DKJ) untuk mengatur status dan kekhususan Jakarta pasca tidak lagi menjadi ibu kota.",faktual
74," Puluhan Menteri Kabinet Jokowi Mundur, Ikuti Langkah Sri Mulyani",2024-01-31,TurnBackHoax.id,https://turnbackhoax.id/2024/01/31/salah-puluhan-menteri-kabinet-jokowi-mundur-ikuti-langkah-sri-mulyani/,"Beredar narasi di media sosial yang mengklaim bahwa puluhan menteri di Kabinet Indonesia Maju telah mengundurkan diri, mengikuti jejak Menteri Keuangan Sri Mulyani. Narasi ini disertai dengan video kompilasi foto-foto para menteri. Faktanya, klaim tersebut tidak benar. Menteri Keuangan Sri Mulyani telah membantah isu pengunduran dirinya dan hingga saat ini tidak ada pengumuman resmi mengenai pengunduran diri massal menteri kabinet.",hoaks
75,"Vaksinasi COVID-19 Jangkau 80 Persen Penduduk Indonesia pada Desember 2021",2021-09-29,Liputan6.com,https://www.liputan6.com/bisnis/read/4670899/vaksinasi-covid-19-jangkau-80-persen-penduduk-indonesia-pada-desember-2021,"Pemerintah menargetkan penyaluran 337 juta dosis vaksin COVID-19 hingga Desember 2021, yang setara dengan 80 persen populasi sasaran telah menerima vaksinasi. Menteri Koordinator Bidang Perekonomian, Airlangga Hartarto, menyatakan bahwa percepatan vaksinasi adalah kunci utama (game changer) untuk pemulihan ekonomi nasional. Peta jalan vaksinasi yang disusun pemerintah menargetkan penyuntikan hingga 2,5 juta dosis per hari pada bulan September dan Oktober untuk mencapai target tersebut. Dengan suplai vaksin dari berbagai produsen yang telah diamankan, pemerintah optimistis target kekebalan komunal dapat tercapai pada akhir tahun.",faktual
76," Paramex, Promag, dan Vaksin Covid-19 Mengandung Minyak Babi",2024-11-29,TurnBackHoax.id,https://turnbackhoax.id/2024/11/29/salah-paramex-promag-dan-vaksin-covid-19-mengandung-minyak-babi/,"Inilah 3 obat-obatan yang mengandung minyak babi. Yang pertama adalah paramex, ternyata di dalam obat ini mengandung minyak babi dan juga zat-zat yang sangat berbahaya. Yang ke-2 adalah promag, perlu diketahui guys ternyata obat yang satu ini juga mengandung minyak babi di dalamnya, jika obat ini terlalu sering dikonsumsi, maka bisa menyebabkan kematian. Yang ke-3 atau yang terakhir adalah vaksin covid 19, ternyata di dalam vaksin ini mengandung minyak babi di dalamnya apabila cairan vaksin ini masuk ke dalam tubuh kita maka itu sangat berbahaya karena bisa menyebabkan organ dalam tubuh kita menjadi rusak.",hoaks
77,"Pemerintah Resmi Naikkan Harga BBM Subsidi per 3 September 2022",2022-09-03,Detik.com,https://conference.upnvj.ac.id/index.php/senamika/article/view/2562,"Pemerintah secara resmi mengumumkan kenaikan harga Bahan Bakar Minyak (BBM) bersubsidi jenis Pertalite dan Solar, serta BBM non-subsidi jenis Pertamax, yang berlaku efektif mulai 3 September 2022 pukul 14.30 WIB. Harga Pertalite naik dari Rp 7.650 menjadi Rp 10.000 per liter. Harga Solar subsidi naik dari Rp 5.150 menjadi Rp 6.800 per liter. Sementara itu, harga Pertamax non-subsidi juga disesuaikan naik dari Rp 12.500 menjadi Rp 14.500 per liter. Keputusan ini diambil pemerintah sebagai langkah untuk menekan beban subsidi energi di Anggaran Pendapatan dan Belanja Negara (APBN) yang terus membengkak akibat kenaikan harga minyak dunia.",faktual
78," Gaji UMR Dipotong PPN 12%",2024-11-30,TurnBackHoax.id,https://turnbackhoax.id/2024/11/30/salah-gaji-umr-dipotong-ppn-12/,"GAJI UMR DIPOTONG PPN 12%, BURUH SELURUH INDONESIA ANCAM MOGOK KERJA. Beredar sebuah poster digital yang mengklaim bahwa pemerintah akan memberlakukan pemotongan Pajak Pertambahan Nilai (PPN) sebesar 12% terhadap gaji Upah Minimum Regional (UMR). Klaim ini menyebabkan keresahan di kalangan pekerja. Faktanya, gaji atau upah bukanlah objek PPN. Penghasilan dari gaji dikenakan Pajak Penghasilan (PPh) Pasal 21, bukan PPN. Informasi tersebut adalah keliru dan menyesatkan.",hoaks
79,"Progres Pembangunan IKN Tahap I Tembus 97 Persen Jelang Kepindahan ASN",2025-02-07,Detik.com,https://www.detik.com/properti/berita/d-7767034/anggaran-untuk-2025-diblokir-sampai-mana-progres-ikn,"Progres pembangunan Ibu Kota Nusantara (IKN) tahap pertama telah mencapai 97 persen, terutama untuk infrastruktur dasar dan fasilitas pendukung kepindahan Aparatur Sipil Negara (ASN). Pembangunan yang hampir rampung mencakup hunian ASN-Hankam, Istana Presiden, dan beberapa kantor kementerian koordinator. Meskipun progres tahap pertama berjalan sesuai target, realisasi anggaran untuk pembangunan baru pada tahun 2025 masih menghadapi kendala karena adanya pemblokiran anggaran oleh Kementerian Keuangan. Pemerintah menyatakan bahwa pemblokiran ini bersifat sementara dan akan dibuka secara bertahap sesuai dengan prioritas pembangunan.",faktual
80," Shell Mau Tutup Seluruh SPBU-nya di Indonesia",2024-11-29,TurnBackHoax.id,https://turnbackhoax.id/2024/11/29/salah-shell-mau-tup-seluruh-spbu-nya-di-indonesia/,"Bye bye shellüëã Jasa mu akan kami kenang. Beredar informasi di media sosial yang mengklaim bahwa perusahaan energi Shell akan menutup seluruh Stasiun Pengisian Bahan Bakar Umum (SPBU) miliknya di Indonesia. Informasi ini disertai dengan gambar SPBU Shell yang tampak sepi. Pihak Shell Indonesia telah memberikan klarifikasi resmi dan menyatakan bahwa informasi tersebut tidak benar. Shell tetap berkomitmen untuk beroperasi dan melayani pelanggan di Indonesia.",hoaks
81,"Timnas Futsal Ditarget Emas di SEA Games 2025",2025-08-11,Media Indonesia,https://mediaindonesia.com/olahraga/800624/pb-pasi-akan-kirim-atlet-ke-jepang-dan-kenya-untuk-persiapan-sea-games,"Tim nasional futsal Indonesia ditargetkan untuk meraih medali emas pada ajang SEA Games 2025 yang akan diselenggarakan di Thailand. Target ambisius ini ditetapkan mengingat performa timnas yang terus menunjukkan tren positif dalam beberapa tahun terakhir. Untuk mencapai target tersebut, Federasi Futsal Indonesia (FFI) akan mempersiapkan program pemusatan latihan jangka panjang dan serangkaian uji coba internasional. Thailand dan Vietnam diprediksi akan menjadi lawan terberat Indonesia dalam perebutan medali emas.",faktual
82," Indonesia Masuk ke Grup C di Piala Dunia 2026",2024-11-29,TurnBackHoax.id,https://turnbackhoax.id/2024/11/29/salah-indonesia-masuk-ke-grup-c-di-piala-dunia-2026/,"INDONESIA MASUK GROUP NERAKA DI PIALA DUNIA 2026 siapapun lawannya sikat. Sebuah video di TikTok mengklaim bahwa tim nasional sepak bola Indonesia berhasil lolos ke Piala Dunia 2026 dan masuk ke dalam Grup C bersama dengan Argentina, Prancis, dan Portugal. Faktanya, proses kualifikasi Piala Dunia 2026 untuk zona Asia masih berlangsung dan Indonesia belum memastikan kelolosannya. Pengundian grup putaran final Piala Dunia 2026 juga belum dilakukan. Informasi dalam video tersebut adalah fabrikasi.",hoaks
83,"Gerhana Matahari Hibrida Terjadi 20 April 2023, Bisa Diamati di Seluruh Indonesia",2023-04-19,Liputan6.com,https://www.liputan6.com/regional/read/5265936/gerhana-matahari-hibrida-kamis-20-april-2023-lokasi-dan-jadwal-lengkap-di-seluruh-indonesia,"Fenomena alam langka Gerhana Matahari Hibrida akan terjadi pada Kamis, 20 April 2023, dan dapat diamati dari seluruh wilayah Indonesia. Gerhana Matahari Hibrida merupakan peristiwa di mana Gerhana Matahari Total dan Gerhana Matahari Cincin terjadi dalam satu fenomena gerhana. Beberapa wilayah di Indonesia bagian timur, seperti Biak dan Pulau Kisar, akan mengalami fase Gerhana Matahari Total, sementara sebagian besar wilayah lainnya akan mengamati Gerhana Matahari Sebagian. Badan Riset dan Inovasi Nasional (BRIN) mengimbau masyarakat untuk tidak melihat matahari secara langsung tanpa menggunakan filter khusus untuk melindungi mata.",faktual
84,"[PENIPUAN] Erick Thohir dan Dokter Zaidul Akbar Promosi Obat Prostatitis",2024-11-30,TurnBackHoax.id,https://turnbackhoax.id/2024/11/30/penipuan-erick-thohir-dan-dokter-zaidul-akbar-promosi-obat-prostatitis/,"Berita mengejutkan bulan November tahun ini Indonesia tidak akan lagi mengalami masalah prostatitis, ahli urologi zaidul akbar telah menemukan resep rahasia dari seorang tabib Mesir kuno yang mengobati prostaties firaun. Resep ini begitu unik dan sederhana sehingga setiap pria bisa menyiapkannya di rumah. Video yang beredar menggunakan suara yang direkayasa dengan AI untuk meniru suara Erick Thohir dan dr. Zaidul Akbar yang mempromosikan obat tersebut. Ini adalah modus penipuan.",hoaks
85,"Proyek Kereta Cepat Jakarta-Bandung Sumbang Penerimaan Negara Rp 5,34 Triliun",2022-02-11,Tempo.co,https://akuprim.com/id/kcic-proyek-kereta-cepat-jakarta-bandung-sumbang-penerimaan-negara-rp-534-t/,"PT Kereta Cepat Indonesia China (KCIC) menyatakan bahwa proyek Kereta Cepat Jakarta-Bandung telah memberikan kontribusi signifikan terhadap penerimaan negara. Hingga akhir 2021, total kontribusi dari proyek strategis nasional ini mencapai Rp 5,34 triliun yang berasal dari berbagai jenis pajak, termasuk PPN, PPh, serta Pajak Bumi dan Bangunan (PBB). Kontribusi ini menunjukkan bahwa selain manfaat konektivitas dan ekonomi jangka panjang, proyek ini juga memberikan dampak fiskal positif selama masa konstruksi.",faktual
86," Video Jokowi Memerintahkan Untuk Stop Bantuan ke Rohingnya dan Segera Usir Mereka",2024-01-31,TurnBackHoax.id,https://turnbackhoax.id/2024/01/31/salah-video-jokowi-memerintahkan-untuk-stop-bantuan-ke-rohingnya-dan-segera-usir-mereka/,"Sebuah video dengan klaim bahwa Presiden Jokowi memerintahkan penghentian bantuan untuk pengungsi Rohingya dan mengusir mereka dari Indonesia beredar di media sosial. Video tersebut menggabungkan potongan-potongan pidato Presiden yang tidak terkait. Faktanya, tidak ada pernyataan resmi dari Presiden Jokowi atau pemerintah Indonesia yang memerintahkan pengusiran pengungsi Rohingya. Pemerintah Indonesia masih berpegang pada prinsip-prinsip kemanusiaan internasional dalam menangani isu pengungsi.",faktual
87,"Kebijakan Merdeka Belajar Akan Terus Berlanjut Meski Ganti Kepemimpinan",2023-11-25,Detik.com,https://news.detik.com/berita/d-7056099/nadiem-yakin-gerakan-merdeka-belajar-terus-lanjut-meski-ganti-pemimpin,"Menteri Pendidikan, Kebudayaan, Riset, dan Teknologi (Mendikbudristek) Nadiem Makarim menyatakan keyakinannya bahwa gerakan Merdeka Belajar akan terus berlanjut meskipun terjadi pergantian kepemimpinan nasional. Menurutnya, program ini bukan lagi sekadar kebijakan, melainkan sudah menjadi gerakan yang diadopsi oleh para guru, kepala sekolah, dan ekosistem pendidikan di seluruh Indonesia. Dengan lebih dari 80% sekolah telah menerapkan Kurikulum Merdeka, Nadiem optimistis bahwa para pendidik tidak akan ingin kembali ke sistem sebelumnya dan akan terus bergerak mewujudkan transformasi pendidikan.",faktual
88," Ant√≥nio Guterres Komentari Tentang Pertahanan Negara Indonesia Lewat X",2024-01-31,TurnBackHoax.id,https://turnbackhoax.id/2024/01/31/salah-antonio-guterres-komentari-tentang-pertahanan-negara-indonesia-lewat-x/,"Langsung di Colek Sama Ketua PBB ni bos.. Secrets about intelligence within the country are not...[source](https://cekhoax.id/cek-fakta/salah-antonio-guterres-komentari-tentang-pertahanan-negara-indonesia-lewat-x) negaramu, Indonesia). Tangkapan layar unggahan X (Twitter) yang diklaim berasal dari akun Sekretaris Jenderal PBB Ant√≥nio Guterres adalah hasil manipulasi. Tidak ditemukan unggahan tersebut di akun resmi Ant√≥nio Guterres.",hoaks
89,"IMF Naikkan Proyeksi Pertumbuhan Ekonomi Indonesia 2023 Jadi 5 Persen",2023-03-26,Kompas.com,https://www.kompas.com/tag/ekonomi-indonesia-2023,"Dana Moneter Internasional (IMF) merevisi naik proyeksi pertumbuhan ekonomi Indonesia untuk tahun 2023 menjadi 5 persen, dari sebelumnya 4,8 persen. Kenaikan proyeksi ini didorong oleh kuatnya permintaan domestik dan pemulihan sektor pariwisata yang lebih cepat dari perkiraan. IMF menilai bahwa fundamental ekonomi Indonesia tetap solid di tengah tantangan perlambatan ekonomi global. Namun, IMF juga mengingatkan adanya risiko-risiko eksternal seperti ketegangan geopolitik dan pengetatan kebijakan moneter global yang perlu diwaspadai.",faktual
90," Perusahaan Asuransi ‚ÄúPrudential‚Äù Bangkrut",2024-11-30,TurnBackHoax.id,https://turnbackhoax.id/2024/11/30/salah-perusahaan-asuransi-prudential-bangkrut/,"Prudential BANGKRUT. Sebuah unggahan di media sosial mengklaim bahwa perusahaan asuransi Prudential telah bangkrut. Klaim ini tidak berdasar. Perusahaan masih aktif beroperasi dan menjalankan berbagai kegiatan bisnis, termasuk menggelar acara PRUActive Family 2024. Tidak ada pengumuman resmi dari Otoritas Jasa Keuangan (OJK) atau pihak perusahaan mengenai kebangkrutan.",hoaks
91,"Lebih dari 50 Juta Masyarakat Indonesia Telah Menerima Vaksinasi Dosis Pertama per 8 Agustus 2021",2021-08-08,Liputan6.com,https://www.liputan6.com/health/read/4627108/lebih-dari-50-juta-masyarakat-ri-sudah-vaksinasi-dosis-pertama-per-8-agustus-2021,"Menteri Komunikasi dan Informatika, Johnny G. Plate, mengumumkan bahwa per 8 Agustus 2021, lebih dari 50 juta penduduk Indonesia telah menerima setidaknya satu dosis vaksin COVID-19. Angka ini setara dengan sekitar 24 persen dari total target sasaran vaksinasi nasional. Dari jumlah tersebut, 23,7 juta orang atau 11,4 persen telah menerima vaksinasi dosis lengkap. Pemerintah mengapresiasi partisipasi masyarakat dan terus mendorong percepatan vaksinasi, terutama untuk kelompok lansia, guna mencapai kekebalan komunal.",faktual
92," Presiden Prabowo Mau Liburkan Sekolah Satu Bulan saat Puasa",2024-11-30,TurnBackHoax.id,https://turnbackhoax.id/2024/11/30/salah-presiden-prabowo-mau-liburkan-sekolah-satu-bulan-saat-puasa/,"Beredar tangkapan layar berita yang mengklaim bahwa Presiden Prabowo Subianto akan memberlakukan kebijakan libur sekolah selama satu bulan penuh selama bulan puasa. Faktanya, tidak ada pengumuman resmi dari pemerintah atau Kementerian Pendidikan mengenai kebijakan tersebut. Kalender akademik tetap berjalan sesuai dengan peraturan yang berlaku di masing-masing daerah.",hoaks
93,"Otorita IKN Lelang 24 Proyek Senilai Rp 18,47 Triliun, Termasuk Gedung DPR hingga MA",2025-08-13,Detik.com,https://www.detik.com/tag/ikn,"Otorita Ibu Kota Nusantara (OIKN) membuka lelang untuk 24 proyek pembangunan infrastruktur baru dengan total nilai mencapai Rp 18,47 triliun. Proyek-proyek ini merupakan bagian dari pembangunan tahap kedua IKN. Beberapa proyek strategis yang dilelang antara lain pembangunan kompleks gedung Dewan Perwakilan Rakyat (DPR), Mahkamah Agung (MA), serta sejumlah fasilitas pendukung lainnya. Proses lelang ini terbuka bagi para investor dan kontraktor dalam negeri maupun luar negeri sebagai bagian dari upaya percepatan pembangunan IKN.",faktual
94," Elon Musk Mau Alihkan Tesla Jadi Mobil Berbahan Bakar Air",2024-11-30,TurnBackHoax.id,https://turnbackhoax.id/2024/11/30/salah-elon-musk-mau-alihkan-tesla-jadi-mobil-berbahan-bakar-air/,"Elon Musk: ‚ÄòMesin Air Tesla Akan Menghancurkan Seluruh Industri Mobil'. Elon Musk baru-baru ini membuat pengumuman besar di platform X yang menyatakan bahwa Tesla kini beralih dari teknologi baterai menuju teknologi hidrogen dengan 'Mesin Air' yang baru. Ini adalah informasi palsu. Elon Musk dan Tesla tetap fokus pada pengembangan teknologi kendaraan listrik berbasis baterai dan tidak pernah mengumumkan peralihan ke mobil berbahan bakar air.",hoaks
95,"Atlet Indonesia Jalani Latihan Intensif untuk SEA Games 2025 di Thailand",2025-07-04,Antara News,https://en.antaranews.com/news/363853/athletes-in-intensive-training-for-sea-games-minister,"Menteri Pemuda dan Olahraga, Dito Ariotedjo, menyatakan bahwa para atlet nasional Indonesia saat ini sedang menjalani pemusatan latihan intensif hingga Agustus 2025 sebagai persiapan menghadapi SEA Games ke-33 di Thailand. SEA Games 2025 dijadwalkan berlangsung dari 9 hingga 20 Desember. Kemenpora bersama tim ahli sedang melakukan proses peninjauan untuk menentukan jumlah atlet yang akan diberangkatkan, dengan memprioritaskan cabang olahraga yang berpotensi meraih medali.",faktual
96,"[PENIPUAN] Tautan Pendaftaran Undian Umroh Gratis dari Gajah Duduk",2024-11-30,TurnBackHoax.id,https://turnbackhoax.id/2024/11/30/penipuan-tautan-pendaftaran-undian-umroh-gratis-dari-gajah-duduk/,"Dalam rangka ulang tahun, Sarung Gajah Duduk mengadakan undian berhadiah umroh gratis. Daftar sekarang melalui tautan berikut:. Ini adalah modus penipuan. Tautan yang dibagikan bukanlah situs resmi dan bertujuan untuk mencuri data pribadi. Pihak Sarung Gajah Duduk tidak mengadakan program undian seperti yang disebutkan.",hoaks
97,"Kinerja Ekonomi Indonesia Triwulan Pertama 2023 Ungguli China",2023-05-08,Kompas.com,https://www.kompas.com/tag/ekonomi-indonesia-2023,"Badan Pusat Statistik (BPS) mengumumkan pertumbuhan ekonomi Indonesia pada triwulan I-2023 mencapai 5,03 persen secara tahunan (year-on-year). Angka ini melampaui pertumbuhan ekonomi China pada periode yang sama yang tercatat sebesar 4,5 persen. Pertumbuhan yang solid ini ditopang oleh konsumsi domestik yang kuat, terutama selama periode Ramadan dan menjelang Idul Fitri, serta peningkatan kinerja ekspor. Capaian ini menempatkan Indonesia sebagai salah satu negara dengan kinerja ekonomi terbaik di antara negara-negara G20.",faktual
98," Video Serangan Yaman ke Armada Amerika di Laut Merah",2024-11-30,TurnBackHoax.id,https://turnbackhoax.id/2024/11/30/salah-video-serangan-yaman-ke-armada-amerika-di-laut-merah/,"Beredar sebuah video yang diklaim menunjukkan serangan rudal dari Yaman yang berhasil menghancurkan armada kapal perang Amerika Serikat di Laut Merah. Faktanya, video tersebut merupakan cuplikan dari video game simulasi militer 'Arma 3' dan bukan rekaman peristiwa nyata.",hoaks
99,"Malaysia Open 2024 Diharapkan Jadi Momentum Kebangkitan Bulutangkis Indonesia",2024-01-05,Kompasiana,https://www.kompasiana.com/agussis/6597df2cde948f6b7f125aa2/malaysia-open-2024-ajang-tepat-kebangkitan-bulutangkis-indonesia,"Turnamen bulutangkis Malaysia Open 2024, yang merupakan turnamen level Super 1000, diharapkan menjadi titik balik bagi prestasi atlet Indonesia. Setelah tahun 2023 yang dinilai kurang memuaskan, di mana Indonesia seringkali pulang tanpa gelar dari turnamen besar, ajang pembuka tahun 2024 ini menjadi krusial. PBSI menurunkan 14 wakil terbaiknya, termasuk tiga tunggal putra andalan. Selain gengsi, turnamen ini juga menawarkan poin kualifikasi yang signifikan menuju Olimpiade Paris 2024, sehingga para pemain diharapkan dapat menunjukkan performa maksimal.",faktual
100,"[PENIPUAN] Kantor Pelayanan Pajak (KPP) Buka Loker Pegawai",2024-11-30,TurnBackHoax.id,https://turnbackhoax.id/2024/11/30/penipuan-kantor-pelayanan-pajak-kpp-buka-loker-pegawai/,"Kantor Pelayanan Pajak (KPP) membuka lowongan kerja untuk beberapa posisi. Pendaftaran dilakukan melalui link Google Form. Faktanya, seluruh proses rekrutmen pegawai di lingkungan Direktorat Jenderal Pajak (DJP) dilakukan secara terpusat oleh Kementerian Keuangan dan diumumkan melalui situs resmi. Informasi loker yang beredar melalui media sosial atau tautan tidak resmi adalah penipuan.",hoaks
101,"Presiden Jokowi Puji Implementasi Kebijakan Merdeka Belajar Kampus Merdeka (MBKM)",2023-12-11,Kemendikbudristek,https://vokasi.kemendikdasmen.go.id/read/b/presiden-jokowi-puji-mendikbudristek-atas-dampak-konkret-implementasi-kebijakan-mbkm,"Presiden Joko Widodo memberikan apresiasi terhadap dampak konkret dari implementasi kebijakan Merdeka Belajar Kampus Merdeka (MBKM). Dalam sebuah acara, Presiden menyatakan bahwa program ini telah berhasil menjembatani kesenjangan antara dunia pendidikan tinggi dan dunia industri. Mahasiswa yang mengikuti program seperti magang dan studi independen bersertifikat dinilai memiliki kesiapan kerja yang lebih baik. Mendikbudristek Nadiem Makarim menyambut baik pujian tersebut dan berkomitmen untuk terus memperluas jangkauan dan kualitas program MBKM.",faktual
102," Memeriksa Kesehatan Jantung dengan Menekan Kaki",2024-11-29,TurnBackHoax.id,https://turnbackhoax.id/2024/11/29/salah-memeriksa-kesehatan-jantung-dengan-menekan-kaki/,"INFO SEHAT: CARA CEPAT CEK KESEHATAN JANTUNG MU! Tekan punggung kaki dengan jempol selama 15 detik. Jika bekas tekanan lama kembali, coba periksa ke dokter ya. Klaim ini keliru. Tes menekan kulit (pitting edema) digunakan untuk memeriksa penumpukan cairan, yang bisa disebabkan oleh berbagai kondisi, termasuk gagal jantung, tetapi juga bisa karena masalah ginjal, liver, atau vena. Tes ini bukanlah cara yang akurat untuk mendiagnosis kesehatan jantung secara umum dan tidak dapat menggantikan pemeriksaan medis oleh dokter.",hoaks
103,"Pemerintah Dukung Penuh Persiapan Tim Sepak Takraw Menuju SEA Games 2025",2025-06-27,Antara News,https://en.antaranews.com/news/362341/government-backs-sepak-takraw-teams-sea-games-preparation,"Menteri Pemuda dan Olahraga Dito Ariotedjo menegaskan dukungan penuh pemerintah untuk persiapan tim nasional sepak takraw Indonesia menghadapi SEA Games 2025 dan Asian Games 2026. Pernyataan ini disampaikan saat menutup Kejuaraan Nasional Seleksi Sepak Takraw di Jakarta. Para atlet terbaik yang terpilih dari ajang ini akan segera masuk ke dalam pemusatan latihan nasional (pelatnas) jangka panjang. Pemerintah berharap dengan persiapan yang matang sejak dini, cabang olahraga sepak takraw dapat menyumbangkan medali emas bagi Indonesia.",faktual
104," Hasto Terancam Dipenjara Akibat Bongkar Kebusukan Jokowi",2024-11-29,TurnBackHoax.id,https://turnbackhoax.id/2024/11/29/salah-hasto-terancam-dipenjara-akibat-bongkar-kebusukan-jokowi/,"PDIP MULAI DIHANCURKAN!! BONGKAR KEBUSUKAN JOKOWI SEKJEN PDIP TERANCAM DIPENJARA. Thumbnail video menampilkan gambar Kapolri seolah sedang berpidato di hadapan kader PDIP. Narasi dalam video tersebut merupakan konten yang menyesatkan. Video tersebut hanya berisi opini dan tidak menyajikan bukti bahwa Sekjen PDIP Hasto Kristiyanto terancam dipenjara karena pernyataannya. Gambar thumbnail juga merupakan hasil rekayasa.",hoaks
105,"Nyaris Rp 70 Triliun Mengalir dari China untuk Pembangunan IKN",2025-06-02,Detik.com,https://www.detik.com/tag/proyek-ikn,"Investasi dari China untuk proyek pembangunan Ibu Kota Nusantara (IKN) dilaporkan telah mencapai hampir Rp 70 triliun. Aliran dana ini dialokasikan untuk berbagai sektor, termasuk infrastruktur dasar, pengembangan energi terbarukan, dan teknologi kota pintar. Keterlibatan investor China ini merupakan bagian dari skema pendanaan IKN yang mengandalkan campuran antara APBN dan investasi swasta, baik domestik maupun internasional. Pemerintah terus mendorong masuknya investasi untuk memastikan target pembangunan IKN dapat tercapai sesuai jadwal.",faktual
106," Dokumentasi Jembatan Kaca di Bromo",2024-11-29,TurnBackHoax.id,https://turnbackhoax.id/2024/11/29/salah-dokumentasi-jembatan-kaca-di-bromo/,"Jembatan kaca bromo yang baru dibuka, udah kesana? Sebuah video yang menampilkan jembatan kaca spektakuler yang menghubungkan dua tebing tinggi diklaim sebagai jembatan kaca baru di kawasan wisata Bromo, Jawa Timur. Faktanya, video tersebut menunjukkan Jembatan Kaca Ruyi di Shenxianju, Provinsi Zhejiang, China, bukan di Bromo.",hoaks
107,"Menag Yaqut Ajak Ormas Islam Imbau Masyarakat Tidak Mudik saat Idul Adha 2021",2021-07-16,Tempo.co,https://repository.iainpare.ac.id/id/eprint/3613/1/17.3600.018.pdf,"Menteri Agama Yaqut Cholil Qoumas menggandeng organisasi masyarakat (ormas) Islam seperti Nahdlatul Ulama (NU), Muhammadiyah, dan Majelis Ulama Indonesia (MUI) untuk bersama-sama mengimbau masyarakat agar tidak melakukan perjalanan mudik selama periode Idul Adha 2021. Imbauan ini dikeluarkan seiring dengan penerapan PPKM Darurat untuk menekan lonjakan kasus COVID-19 varian Delta. Menag berharap, dengan adanya seruan dari para tokoh agama dan pimpinan ormas, masyarakat dapat lebih patuh untuk tetap berada di rumah demi mencegah penyebaran virus lebih lanjut.",faktual
108," Paramex, Promag, dan Vaksin Covid-19 Mengandung Minyak Babi",2024-11-29,TurnBackHoax.id,https://turnbackhoax.id/2024/11/29/salah-paramex-promag-dan-vaksin-covid-19-mengandung-minyak-babi/,"Sebuah video mengklaim bahwa obat Paramex, Promag, dan vaksin COVID-19 mengandung minyak babi. Klaim ini tidak benar. Badan Pengawas Obat dan Makanan (BPOM) dan Majelis Ulama Indonesia (MUI) telah memastikan bahwa produk-produk tersebut telah melalui proses sertifikasi dan tidak mengandung bahan yang diharamkan bagi umat Muslim. Informasi ini merupakan disinformasi yang bertujuan menimbulkan keresahan di masyarakat.",hoaks
109,"Plus Minus Politik Praktis Jokowi di Pilkada 2024",2024-08-10,CNN Indonesia,https://www.youtube.com/watch?v=P1mttr81l9U,"Pengaruh politik Presiden Joko Widodo (Jokowi) pasca-lengser dari jabatannya masih dianggap sangat signifikan dalam kontestasi politik nasional, termasuk dalam Pemilihan Kepala Daerah (Pilkada) serentak 2024. Beberapa pihak mendorong Jokowi untuk terlibat dalam politik praktis dengan memberikan dukungan (endorsement) kepada pasangan calon tertentu, dengan harapan dapat mendulang suara. Namun, keterlibatan ini juga menuai pro dan kontra. Pihak yang pro menganggapnya sebagai hal yang wajar dalam dinamika politik, sementara pihak yang kontra khawatir hal tersebut dapat mencederai netralitas dan menciptakan preseden yang kurang baik bagi mantan presiden.",faktual
110,"[PENIPUAN] Informasi Loker di Kementerian Sekretariat Negara",2024-11-28,TurnBackHoax.id,https://turnbackhoax.id/2024/11/28/penipuan-informasi-loker-di-kementerian-sekretariat-negara/,"Beredar informasi lowongan kerja di Kementerian Sekretariat Negara (Kemsetneg) untuk berbagai posisi seperti administrasi dan analis hukum yang disebarkan melalui akun media sosial tidak resmi. Informasi tersebut adalah penipuan. Kemsetneg telah memberikan klarifikasi bahwa semua informasi rekrutmen resmi hanya diumumkan melalui situs web dan akun media sosial resmi kementerian. Masyarakat diimbau untuk waspada terhadap modus penipuan berkedok lowongan kerja.",hoaks
111,"Lonjakan Kasus Covid-19, Pemerintah Terapkan Prokes Ketat di Sektor Usaha",2021-02-17,Berita Murung Raya,https://berita.murungrayakab.go.id/category/novel-corona-virus/page/12/,"Menyikapi lonjakan kasus COVID-19 yang signifikan, pemerintah daerah Murung Raya menginstruksikan seluruh perusahaan dan sektor usaha di wilayahnya untuk menerapkan protokol kesehatan (prokes) secara ketat. Wakil Bupati Murung Raya menekankan pentingnya disiplin dalam menjalankan prokes untuk mencegah terbentuknya klaster-klaster baru di lingkungan kerja. Satgas COVID-19 setempat juga telah memberikan teguran tertulis kepada perusahaan yang dinilai lalai dalam menerapkan protokol kesehatan.",faktual
112," Penyakit Liver Bisa Disembuhkan Pakai Seduhan Daun Sembung",2024-11-27,TurnBackHoax.id,https://turnbackhoax.id/2024/11/27/salah-penyakit-liver-bisa-disembuhkan-pakai-seduhan-daun-sembung/,"Ajaib daun ini dapat sembuhkan liver, radang usus, dan luka pada kulit begini caranya. Petik 8 daun sembung lalu cuci hingga bersih kemudian rebus selama 5 menit. Klaim bahwa seduhan daun sembung dapat menyembuhkan penyakit liver secara total adalah tidak benar dan berpotensi berbahaya. Meskipun beberapa penelitian herbal menunjukkan potensi anti-inflamasi dari daun sembung, belum ada bukti klinis yang kuat yang mendukungnya sebagai obat untuk penyakit liver. Pasien dengan kondisi liver harus berkonsultasi dengan dokter untuk mendapatkan penanganan medis yang tepat.",hoaks
113,"Gibran Blusukan Cek Proyek Istana Wapres dan Tol IKN",2025-05-29,Detik.com,https://www.detik.com/tag/proyek-ikn,"Wakil Presiden terpilih, Gibran Rakabuming Raka, melakukan kunjungan kerja ke Ibu Kota Nusantara (IKN) untuk meninjau langsung progres pembangunan sejumlah proyek strategis. Dalam kunjungannya, Gibran memantau pembangunan Istana Wakil Presiden, jalan tol akses IKN, dan beberapa infrastruktur pendukung lainnya. Gibran berpesan kepada para pelaksana proyek untuk menjaga kualitas dan memastikan pembangunan selesai tepat waktu sesuai dengan target yang telah ditetapkan.",faktual
114," Foto Tagihan Royalti Musik dan Lagu di Restoran",2025-08-14,TurnBackHoax.id,https://turnbackhoax.id/2025/08/14/salah-foto-tagihan-royalti-musik-dan-lagu-di-restoran/,"Nyomot dari tetangga, tiap kali ke resto kita dipaksa dengar lagu lalu bayar. Pemaksaan bayar royalti secara halus. Sebuah foto struk pembayaran restoran yang mencantumkan item 'Royalti Musik & Lagu' beredar di media sosial, menimbulkan persepsi bahwa pelanggan dibebani biaya royalti. Faktanya, foto tersebut adalah hasil suntingan. Restoran atau kafe memang wajib membayar royalti kepada Lembaga Manajemen Kolektif Nasional (LMKN) jika memutar lagu secara komersial, namun biaya tersebut merupakan beban operasional usaha dan tidak dibebankan langsung kepada pelanggan dalam struk pembayaran.",hoaks
115,"Indonesia Siap Gelar Kejuaraan Dunia Sambo Remaja dan Junior 2025",2025-08-06,Media Indonesia,https://mediaindonesia.com/olahraga/800624/pb-pasi-akan-kirim-atlet-ke-jepang-dan-kenya-untuk-persiapan-sea-games,"Pengurus Pusat Perkumpulan Sambo Indonesia (PP Persambi) menyatakan kesiapan Indonesia untuk menjadi tuan rumah Kejuaraan Dunia Sambo Remaja dan Junior pada tahun 2025. Kesiapan ini didukung oleh Federasi Sambo Internasional (FIAS), yang juga mengumumkan penambahan nomor pertandingan combat putri dalam kejuaraan tersebut. Penunjukan sebagai tuan rumah ini diharapkan dapat memacu pengembangan dan prestasi olahraga sambo di tanah air.",faktual
116," Pemberangkatan Pengungsi Palestina ke Indonesia",2025-08-14,TurnBackHoax.id,https://turnbackhoax.id/2025/08/14/salah-pemberangkatan-pengungsi-palestina-ke-indonesia/,"ACARA PELEPASAN PENGUNGSI PALESTINA MENUJU INDONESIA. Release of Palestinian Gaza visitors. Video yang menunjukkan sekelompok orang menaiki pesawat Iran Air diklaim sebagai momen pemberangkatan pengungsi Palestina ke Indonesia. Faktanya, video tersebut adalah rekaman lama dari tahun 2020 yang menunjukkan pemulangan warga Iran dari Swedia saat awal pandemi COVID-19. Tidak ada kaitannya dengan pengungsi Palestina atau Indonesia.",hoaks
117,"BI Ramal Pertumbuhan Ekonomi RI 5,5 Persen pada 2024",2022-12-06,Kompas.com,https://www.kompas.com/tag/pertumbuhan-ekonomi-2023,"Bank Indonesia (BI) memproyeksikan pertumbuhan ekonomi Indonesia akan lebih tinggi pada tahun 2024, mencapai kisaran 4,7 hingga 5,5 persen. Proyeksi optimis ini didasarkan pada ekspektasi peningkatan permintaan domestik yang didorong oleh belanja terkait pemilu, serta berlanjutnya hilirisasi sumber daya alam yang akan meningkatkan nilai tambah ekspor. BI akan terus menjaga stabilitas makroekonomi melalui bauran kebijakan moneter yang akomodatif untuk mendukung momentum pertumbuhan.",faktual
118,"[PENIPUAN] Perpanjang dan Pembuatan SIM Gratis pada 17 Agustus 2025",2025-08-14,TurnBackHoax.id,https://turnbackhoax.id/2025/08/14/penipuan-perpanjang-dan-pembuatan-sim-gratis-pada-17-agustus-2025/,"Memperingati HUT RI ke 80, untuk perpanjangan dan pembuatan SIM digratiskan sampai akhir bulan Agustus. Tunggu apalagi ayo segera daftar melalui tautan ini:. Informasi ini adalah penipuan. Kepolisian Republik Indonesia (Polri) tidak mengadakan program pembuatan atau perpanjangan SIM gratis secara nasional dalam rangka HUT RI. Tautan yang disebarkan adalah situs palsu yang bertujuan mencuri data pribadi.",hoaks
119,"Target Pertumbuhan Ekonomi 2023 Bisa Dicapai, tapi Tidak Mudah",2023-11-07,Kompas.com,https://www.kompas.com/tag/pertumbuhan-ekonomi-2023,"Pemerintah tetap berupaya untuk mencapai target pertumbuhan ekonomi tahun 2023 yang ditetapkan sebesar 5,3 persen. Namun, sejumlah pejabat ekonomi mengakui bahwa pencapaian target tersebut tidak akan mudah mengingat tantangan perlambatan ekonomi global yang mulai berdampak pada kinerja ekspor nasional. Menteri Keuangan Sri Mulyani menyatakan bahwa pemerintah akan mengandalkan kekuatan konsumsi domestik dan percepatan belanja pemerintah untuk menjadi mesin pertumbuhan utama di sisa tahun berjalan.",faktual
120,"[PENIPUAN] Ada Bantuan Dana dari Saudi Arabia untuk Umat Islam",2025-08-13,TurnBackHoax.id,https://turnbackhoax.id/2025/08/13/penipuan-ada-bantuan-dana-dari-saudi-arabia-untuk-umat-islam/,"Assalamualaikum, saya direktur jendral bimbingan masyarakat islam menyampaikan bahwa bantuan (SFD) Saudi Fund for Development dari Saudi arabia melalui ditjen bimas islam kementrian agama, untuk di salurkan kepada umat islam. Segera daftar sekarang melalui whatsapp. Pesan berantai yang mengatasnamakan Dirjen Bimas Islam dan menjanjikan bantuan dana dari Arab Saudi adalah penipuan. Kementerian Agama telah mengklarifikasi bahwa tidak ada program bantuan semacam itu dan mengimbau masyarakat untuk tidak memberikan data pribadi kepada nomor yang tidak dikenal.",hoaks
121,"Angka Kematian COVID-19 di Indonesia Terus Meningkat pada Juli 2021",2021-07-31,Wikipedia,https://en.wikipedia.org/wiki/Timeline_of_the_COVID-19_pandemic_in_Indonesia_(2021),"Bulan Juli 2021 menjadi periode paling mematikan selama pandemi COVID-19 di Indonesia. Data menunjukkan lonjakan tajam angka kematian harian, yang beberapa kali melampaui 2.000 kasus per hari. Peningkatan ini disebabkan oleh penyebaran cepat varian Delta yang lebih menular dan mematikan, serta tekanan hebat pada fasilitas kesehatan yang mengalami kekurangan oksigen, tempat tidur, dan tenaga medis. Pemerintah merespons dengan memperketat kebijakan PPKM Darurat di Jawa dan Bali serta mempercepat program vaksinasi.",faktual
122," Rekaman Rudal Tomahawk AS Menghantam Situs Nuklir Iran",2025-08-13,TurnBackHoax.id,https://turnbackhoax.id/2025/08/13/salah-rekaman-rudal-tomahawk-as-menghantam-situs-nuklir-iran/,"Rekaman singkat saat Rudal Tomahawk Amerika Serikat menghantam situs Nuklir milik Iran. Dengan serangan singkat ini, Amerika Serikat menyatakan diri resmi terlibat Perang langsung dengan Iran. Video yang beredar adalah palsu. Klip tersebut diambil dari simulasi atau video game dan bukan merupakan rekaman serangan militer yang sebenarnya. Tidak ada konfirmasi resmi dari pemerintah AS atau Iran mengenai serangan tersebut.",hoaks
123,"Hengkangnya Jojo dan Chico dari Pelatnas Demi Peningkatan Prestasi",2024-05-15,Antara News,https://ramadhan.antaranews.com/video/4835649/pbsi-hengkangnya-jojo-dan-chico-dari-pelatnas-demi-tingkatan-prestasi,"Wakil Ketua Umum I PP PBSI, Taufik Hidayat, menjelaskan bahwa keputusan dua tunggal putra andalan, Jonatan Christie (Jojo) dan Chico Aura Dwi Wardoyo, untuk keluar dari Pelatnas Cipayung merupakan langkah strategis untuk peningkatan prestasi. Meskipun berstatus sebagai pemain profesional, keduanya tetap berada di bawah naungan PBSI dan akan terus dipanggil untuk memperkuat tim nasional dalam ajang-ajang beregu maupun individu yang penting. Langkah ini diharapkan memberikan fleksibilitas lebih bagi para atlet untuk mengatur program latihan dan turnamen mereka sendiri.",faktual
124," Video di Morowali Sejumlah TKA Cina Menghakimi Seorang Warga",2024-01-31,TurnBackHoax.id,https://turnbackhoax.id/2024/01/31/salah-video-di-morowali-sejumlah-tka-cina-menghakimi-seorang-warga/,"Dƒ∞ MOROWALI‚Ä¶ TKA asal CINA mulai berani menghakimi penduduk lokal hingga parah‚Ä¶ Video yang menunjukkan pengeroyokan seorang pria oleh sekelompok orang diklaim terjadi di Morowali, Sulawesi Tengah, dan melibatkan Tenaga Kerja Asing (TKA) asal China. Faktanya, peristiwa dalam video tersebut terjadi di Kamboja dan tidak ada kaitannya dengan TKA atau Indonesia. Narasi yang menyertainya adalah konten yang menyesatkan.",hoaks
125,"Program Praktisi Mengajar 2023 Libatkan Lebih Banyak Kolaborasi",2023-02-08,Detik.com,https://www.detik.com/edu/perguruan-tinggi/d-6557612/program-praktisi-mengajar-2023-beda-dengan-tahun-lalu-ini-kata-kemendikbud,"Kementerian Pendidikan, Kebudayaan, Riset, dan Teknologi (Kemendikbudristek) kembali membuka program Praktisi Mengajar angkatan kedua pada tahun 2023. Program yang merupakan bagian dari kebijakan Merdeka Belajar ini bertujuan untuk memperkaya pengalaman belajar mahasiswa dengan menghadirkan para profesional dari dunia industri ke dalam ruang kelas. Pada tahun 2023, program ini didesain untuk mendorong kolaborasi yang lebih erat antara dosen dan praktisi, sehingga terjadi transfer pengetahuan dan pengalaman yang lebih mendalam, tidak hanya bagi mahasiswa tetapi juga bagi para dosen.",faktual
126," Bandara Nusawiru Mengadakan Give Away Tebus Murah iPhone 14 Pro Max",2024-01-31,TurnBackHoax.id,https://turnbackhoax.id/2024/01/31/salah-bandara-nusawiru-mengadakan-give-away-tebus-murah-iphone-14-pro-max/,"HALO SOBAT @bandara_nusawiru.pangandaran, KAMI MENGADAKAN GIVE AWAY TEBUS MURAH NIH KHUSUS UNTUK 2 ORANG TERCEPAT NEW IPHONE 14 PROMAX 256 GB. Akun Instagram yang mengatasnamakan Bandara Nusawiru, Pangandaran, dan menawarkan program tebus murah iPhone adalah akun palsu. Dinas Perhubungan Jawa Barat telah mengklarifikasi bahwa akun resmi bandara telah diretas oleh pihak tidak bertanggung jawab. Ini adalah modus penipuan.",hoaks
127,"Pemerintah dan Banggar DPR Sepakati Pertumbuhan Ekonomi 5,3 Persen dalam RAPBN 2023",2022-09-12,Kompas.com,https://www.kompas.com/tag/pertumbuhan-ekonomi-2023,"Pemerintah dan Badan Anggaran (Banggar) Dewan Perwakilan Rakyat (DPR) menyepakati asumsi makro pertumbuhan ekonomi dalam Rancangan Anggaran Pendapatan dan Belanja Negara (RAPBN) 2023 sebesar 5,3 persen. Kesepakatan ini dicapai dengan mempertimbangkan potensi pemulihan ekonomi domestik yang terus berlanjut, namun juga mewaspadai risiko ketidakpastian ekonomi global. Angka ini akan menjadi dasar bagi pemerintah dalam menyusun alokasi anggaran untuk berbagai program pembangunan di tahun 2023.",faktual
128," Partai Buruh Deklarasikan Anies Baswedan",2024-01-31,TurnBackHoax.id,https://turnbackhoax.id/2024/01/31/salah-partai-buruh-deklarasikan-anies-baswedan/,"Efek besar dari Yenny Wahid! Kini partai buruh resmi deklarasikan Anies presiden 2024. Klaim bahwa Partai Buruh secara resmi mendeklarasikan dukungan kepada Anies Baswedan sebagai calon presiden 2024 adalah salah. Presiden Partai Buruh, Said Iqbal, telah menyatakan bahwa partainya belum menentukan arah dukungan dan masih akan membahasnya dalam rapat kerja nasional. Video yang beredar hanya berisi opini dan tidak mencerminkan keputusan resmi partai.",hoaks
129,"Total Kasus COVID-19 di Indonesia Mencapai 6,8 Juta dengan 162 Ribu Kematian",2023-01-01,Worldometers,https://www.worldometers.info/coronavirus/country/indonesia/,"Berdasarkan data kumulatif hingga akhir pandemi, Indonesia mencatat total 6.829.221 kasus terkonfirmasi COVID-19. Dari jumlah tersebut, sebanyak 162.063 orang meninggal dunia, sementara 6.647.104 orang dinyatakan telah pulih. Angka-angka ini menempatkan Indonesia sebagai salah satu negara dengan jumlah kasus dan kematian tertinggi di Asia Tenggara, yang merefleksikan besarnya tantangan yang dihadapi selama krisis kesehatan global tersebut.",faktual
130," Cuitan Taylor Swift di X Berterima kasih kepada Prabowo Subianto",2024-01-31,TurnBackHoax.id,https://turnbackhoax.id/2024/01/31/salah-cuitan-taylor-swift-di-x-berterima-kasih-kepada-prabowo-subianto/,"Thank you Mr Prabowo Subianto for helping me. I thank you very much, I hope you live a long time when I play in Indonesia. Tangkapan layar yang menunjukkan cuitan dari penyanyi Taylor Swift berterima kasih kepada Prabowo Subianto adalah hasil rekayasa digital. Tidak ada cuitan semacam itu di akun resmi Taylor Swift. Ini adalah konten palsu yang dibuat untuk tujuan politik.",hoaks
131,"Investor Arab Incar Lahan 10 Hektare di IKN untuk Proyek Properti",2025-05-16,Detik.com,https://www.detik.com/tag/proyek-ikn,"Sejumlah investor dari Uni Emirat Arab (UEA) menunjukkan minat serius untuk berinvestasi di Ibu Kota Nusantara (IKN) dengan mengincar lahan seluas 10 hektare. Lahan tersebut rencananya akan dikembangkan untuk proyek properti campuran, termasuk hotel, apartemen, dan pusat perbelanjaan. Minat ini menunjukkan kepercayaan investor internasional terhadap prospek IKN sebagai pusat ekonomi baru di Indonesia. Otorita IKN menyambut baik minat tersebut dan akan memfasilitasi proses investasi agar dapat segera terealisasi.",faktual